0,1,2,4,3
How about some testimonies from real health experts?,"Also, who's to say there aren't testimonies from ""real"" health experts on there?",3.0,"['इसके अलावा, कौन कह सकता है कि वहाँ पर ""रियल"" स्वास्थ्य विशेषज्ञों के साक्ष्य नहीं हैं?']",['असली स्वास्थ्य विशेषज्ञों के कुछ साक्ष्य के बारे में क्या होगा?']
"""Then the captain was gone.",Then the captain came back.,0.800000011920929,['फिर कप्तान वापस आया।'],['तब कप्तान चला गया।']
The problem is simpler than that.,The problem is simple.,3.799999952316284,['समस्या सरल है।'],['समस्या इससे भी सरल है।']
NEGATIVE RECONNAISSANCE REQUIREMENTS.,PACIFIC REQUIREMENTS .,1.0,['समुद्री आवश्यकताएं'],['ऋणात्मक समझौता आवश्यकताएं.']
"So, I am dropping, for now, asking you the question: "" Where ' s the Marx "" ?","I am moving on to ask you the question: "" Where ' s the beef "" ?",0.4000000059604645,['मैं आपसे यह प्रश्न पूछने के लिए आगे बढ़ रहा हूंः “ मांस कहां है? ”'],['इसलिए अब मैं आपसे यह प्रश्न पूछ रहा हूं कि मार्क्स कहाँ है?']
go figure You're asking me to prove a negative?,You're asking me to prove a negative?,4.599999904632568,['आप मुझे एक नकारात्मक साबित करने के लिए पूछ रहे हैं?'],['तुम मुझे एक नकारात्मक साबित करने के लिए पूछ रहे हैं?']
I am OK with MEDICAL use!,I AM OK WITH MEDICAL USE!!,5.0,['मैं चिकित्सकीय उपयोग के साथ ठीक हूँ!'],['मैं चिकित्सकीय उपयोग के साथ ठीक हूँ!']
The prices for everything you need have gone up due to inflation.,The prices of everything you own IE assets have gone down.,2.0,['आपके पास आई. ई. आस्तियों की कीमतें घट गई हैं।'],['मुद्रास्फीति के कारण हर चीज की कीमतें बढ़ गई हैं।']
War in the middle east.,A WAR in the middle east.,5.0,['मध्य पूर्व में एक युद्ध।'],['मध्य पूर्व में युद्ध।']
Originally Posted by Vienna How was it authoritarian?,Originally Posted by zaf I give up.,0.6000000238418579,['मूलतः Posted by zaf I give up.'],['मूलतः विएना द्वारा प्रकाशित How was it authoritarian?']
Imagine a place that's % white and % black.,Imagine a place with % men and % women.,1.0,['% पुरुषों और% महिलाओं के साथ एक स्थान की कल्पना करें।'],['एक स्थान की कल्पना करें जो% सफेद और% काला है।']
There's no chance of a fair trial.,there is no chance at a fair trial.,5.0,['न्यायिक मुकदमे के लिए कोई अवसर नहीं है।'],['न्यायिक मुकदमे की कोई संभावना नहीं है।']
Nirvana is very different than oblivion.,Nirvana is NOT oblivion.,3.5999999046325684,['निर्वाण स्मरण नहीं है।'],['निर्वाण स्मरण से बहुत भिन्न है।']
We in Britain think differently to Americans.,Originally Posted by zaf We in Britain think differently to Americans.,4.0,['हम ब्रिटेन में अमरीकी से अलग सोचते हैं।'],['हम ब्रिटेन में अमरीकी से अलग सोचते हैं।']
If you answer yes to  and no to  you are probably straight.,If you answer no to  but yes to  then you are probably straight.,3.0999999046325684,"[""अगर आप 'नहीं' बल्कि 'हाँ' का उत्तर देते हैं तो आप शायद सीधा हो सकते हैं।""]",['अगर आप हाँ और न जवाब देते हैं तो शायद आप सीधा हैं।']
The whole earth combined produces enough food for  billion people.,Who does it now only produce enough for  billion?,2.200000047683716,['अब यह केवल अरब के लिए पर्याप्त उत्पादन करता है?'],['पूरी पृथ्वी एक साथ एक अरब लोगों के लिए पर्याप्त भोजन पैदा करती है।']
BTW he had appropriate deferments for the time.,"Appropriate deferments for the time, eh?",3.200000047683716,"['समय के लिए उपयुक्त विलंब, हं?']",['बेशक उस समय के लिए उनके पास उचित समय की देरी थी।']
"Hey, Blue-Eyes, How's things in London?","**smooches Ran** Hey, Blue-Eyes, How's things in London?",4.400000095367432,"['हू, ब्लू-ईयॉ, लंदन में क्या है?']","['හේ, ब्लू-ईयस, लंदन में क्या है?']"
but in the news broadcasts i have seen they did call him white.,"but it seems it would have less ""impact"" if they didn't call him white.",2.200000047683716,"['लेकिन ऐसा लगता है कि अगर वे उसे सफेद नहीं कहते तो यह कम ""impact"" होगा।']",['लेकिन समाचार प्रसारणों में मैंने देखा है कि उन्होंने उसे सफेद कहा है।']
"According to the girlfriend and Zimmerman, he did.",According to Zimmerman he did.,2.4000000953674316,['जिमरमैन के अनुसार उसने ऐसा किया।'],"['girlfriend और Zimmerman के अनुसार, उसने ऐसा किया।']"
My parents have told me it is bad for you.,My teachers have told me it is bad for you.,2.799999952316284,['मेरे शिक्षकों ने मुझे बताया है कि यह तुम्हारे लिए बुरा है।'],['मेरे माता-पिता ने मुझे बताया है कि यह तुम्हारे लिए बुरा है।']
.Nazi is a slang term for the NSWP.,Originally Posted by Odins eye .Nazi is a slang term for the NSWP.,4.599999904632568,['मूलतः ओडिन्स ने लिखा था। नाजी एनएसडब्ल्यूपी के लिए एक लैंग शब्द है।'],['‘नाजी’ एनएसडब्ल्यूपी के लिए एक लैंग शब्द है।']
I oppose the death penalty.,This is why I support the death penalty.,1.0,['इसीलिए मैं मृत्यु दंड का समर्थन करता हूं।'],['मैं मृत्यु दंड का विरोध करता हूं।']
"Well, whatever, you are now.","Well, whatever, you're aware of it now.",2.200000047683716,"['खैर, जो भी हो, आप अब इसके बारे में सचेत हैं।']","['खैर, जो भी हो, आप अब हैं।']"
"They produce nothing I can eat, wear, live in.","Think about all the things you can't ""eat, wear, or live in"".",2.200000047683716,"['उन सब चीजों के बारे में सोचो जिनमें आप न खा सकते हैं, न पहन सकते हैं और न रह सकते हैं।']","['वे कुछ भी नहीं पैदा करते जिसमें मैं खा सकता, पहन सकता, रह सकता।']"
DICKSHOT Matt Holliday owns.,"Matt Holliday owns, y'all.",3.799999952316284,"['मैट होलिडे के स्वामित्व में है, आप सभी.']",['डिकशोट मैट होलिडे के स्वामित्व में है.']
People exploited the laws.,People bent the laws.,2.799999952316284,['लोग कानूनों को झुकाते थे।'],['लोग कानूनों का शोषण करते थे।']
"Funny, I thought the same thing about some math.",And here I thought I knew me some math.,2.200000047683716,['और यहाँ मुझे लगता था कि मैं मुझे कुछ गणित जानता हूँ।'],"['मजेदार, मैं कुछ गणित के बारे में एक ही बात सोचा था।']"
"I have  years of ""Neener Neener"" rights I use lettuce too.","I have  years of ""Neener Neener"" rights Hi Wiggies!",2.5999999046325684,"['मेरे पास वर्षों के ""नेनेनेर नेनेर"" अधिकार है।']","['मेरे पास कई वर्षों के ""नेनेनेर नेनेर"" अधिकार हैं।']"
"I don't prefix or suffix everything with ""you hate Jews.""",You should stop prefixing or suffixing everything with you hate Jews.,3.0,['तुम्हें यहूदियों को घृणा करने के साथ हर चीज़ का उपसर्ग या उपसर्ग करने को बंद करना चाहिए।'],"['मैं सब कुछ ""तुम यहूदियों से घृणा करते हो"" के साथ उपसर्ग या प्रत्यय नहीं करता।']"
I wood have asked her if she is up for a treesome.,I wood have at least asked if a threesome was out of the question.,4.800000190734863,['मैंने कम से कम पूछा है कि अगर एक तीनsome प्रश्न से बाहर था।'],['मैंने उससे पूछा है कि क्या वह एक पेड़-पौधे के लिए तैयार है।']
It still makes no sense.,It's you who makes no sense.,1.399999976158142,['यह आप है जो कोई अर्थ नहीं है।'],['अब भी इसका कोई अर्थ नहीं है।']
More expensive homes.,More expensive cars.,1.2000000476837158,['अधिक महंगे कारें।'],['अधिक महंगे घर।']
"Martin said, ""Why are you following me?""","Zimmerman replied, ""What are you doing here?""",0.800000011920929,"['जिमरमैन ने कहा, ""तुम यहाँ क्या कर रहे हो?""']","['मार्टिन ने कहा, ""तुम मेरी पैरवी क्यों कर रहे हो?""']"
ALTHOUGH SATELLITE INTENSITY ESTIMATES FROM TAFB AND SAB ARE ONLY T./,SUBJECTIVE DVORAK INTENSITY ESTIMATES FROM TAFB AND SAB INCREASED TO  KT.,2.0,['SUBJECTIVE DVORAK INTENSITY ESTIMATES FROM TAFB AND SAB INCREASED TO KT.'],['यद्यपि टाब्ब और साब के अंतरिक्षीय सटीकता अनुमान केवल टी./']
"""Fairies don't exist"" - fine.","""Satyrs don't exist"" - fine.",1.2000000476837158,"['""शैतारी नहीं है"" ठीक है।']","['""विपत्तियां अस्तित्व में नहीं हैं""-ठीक है।']"
You wanna know what I find curious?,That's what I find curious.,2.799999952316284,['मुझे यह अजीब लगता है।'],['आप जानना चाहते हैं कि मैं क्या चिन्तित पाया है?']
When did I compare homo sexuaity with a developmental disorder?,I compared homo phobia with a developmental disorder.,2.5999999046325684,['मैंने होमो फॉबीया को विकास संबंधी विकारों के साथ तुलना की।'],['जब मैंने विकास विकार के साथ समलिंगीता को तुलना की थी?']
"If you asked , conservatives, the numbers will be skewed to the right.","If you asked , progressives, the numbers would be skewed to the left.",2.5999999046325684,"['अगर आप पूछते हैं, प्रगतिशील, संख्याएँ बाएँ की ओर विकृत हो जाएगा।']","['यदि आप, परम्परावादी से पूछते हैं, तो संख्याएँ सही दिशा में विकृत होंगी।']"
You didn't mention PFA before that one post.,I didn't mention restraining order either.,0.800000011920929,['मैं भी प्रतिबंध व्यवस्था का उल्लेख नहीं किया था।'],['आपने उस एक पद से पहले पीएफए का उल्लेख नहीं किया था।']
Ramblin' Rose by Nat King Cole We are all vessels filled with many wonders.,Eye of the Tiger We are all vessels filled with many wonders.,2.4000000953674316,['हम सभी अनेक चमत्कारों से भरे हुए पोत हैं।'],['हम सभी अनेक आश्चर्यों से भरे जहाज हैं।']
from the year prior.,warmed.C from the year prior.,3.0,['पिछले साल से गर्म. सी.'],['पिछले साल से।']
Still love this show.,"Holy poo poo, this show.",1.0,"['पाकीज़ा पाकीज़ा, यह शो।']",['मैं अभी भी इस कार्यक्रम को पसंद करता हूँ।']
their vast properties are protected by the govt.,their great wealth is protected by the govt.,3.200000047683716,['उनके विशाल धन का संरक्षण सरकार द्वारा किया जाता है।'],['उनकी विशाल संपत्तियां सरकार द्वारा सुरक्षित हैं।']
"Fundimental difference, please?",Fundamental difference?,4.599999904632568,['मूलभूत अंतर?'],"['धनराशि अंतर, कृपया?']"
How exactly is Germany being 'punished' for the stupidity of WW?,How exactly are they being punished?,1.399999976158142,['वे किस प्रकार दंडित किए जा रहे हैं?'],"[""द्वितीय विश्वयुद्ध के मूर्खता के लिए जर्मनी को किस प्रकार 'बनाया जा रहा है?""]"
"Z stalked him down, then shot him.","You claimed Zimmerman "" Stalked him down, then shot him "".",3.0,"['आप जिमरमैन का दावा किया था "" उसे दबा दिया, फिर उसे गोली चला दी "".']","['Z ने उसे पीछे लगा लिया, फिर गोली चला दी।']"
"I'm not outraged, I'm disappointed.","God bless I'm not outraged, I'm disappointed.",5.0,"['ईश्वर की कृपा से मैं क्रोधित नहीं हूँ, मैं निराश हूँ।']","['मैं क्रोधित नहीं हूँ, मैं निराश हूँ।']"
We never got out of it in the first place!,Where does the money come from in the first place?,0.800000011920929,['पहले तो ये पैसे कहाँ से आते हैं?'],['हमने इससे पहले कभी बाहर नहीं निकला था!']
Freedom of speech has consequences!,If freedom of speech has consequences then it is not free.,2.1111111640930176,['यदि अभिव्यक्ति की स्वतंत्रता के परिणाम होते हैं तो वह स्वतंत्र नहीं है।'],['अभिव्यक्ति की स्वतंत्रता के परिणाम हैं!']
My parents have told me it is bad for you.,My teachers have told me it is bad for you.,2.799999952316284,['मेरे शिक्षकों ने मुझे बताया है कि यह तुम्हारे लिए बुरा है।'],['मेरे माता-पिता ने मुझे बताया है कि यह तुम्हारे लिए बुरा है।']
"if you could kill one person to save four, would you?","As to would I kill  person to save , I have no idea.",2.0,"['क्या मैं व्यक्ति को बचाने के लिए मारूँगा, इसका मुझे कोई विचार नहीं है।']","['अगर आप चारों को बचाने के लिए एक आदमी को मार सकते हैं, तो क्या आप कर सकते हैं?']"
It's not imposing morals.,It's imposing a law.,1.100000023841858,['यह एक कानून लागू कर रहा है।'],['यह नैतिकता का अधिरोपण नहीं है।']
It depends how you define extreme.,"Depends on how you define ""extreme"".",5.0,"['इस पर निर्भर करता है कि आप ""अत्याधिक"" को कैसे परिभाषित करते हैं।']",['यह निर्भर करता है कि आप कैसे परिभाषित करते हैं अतिवादी।']
At least Mexico had a presence in California.,Mexico has ZERO claim to California.,1.2000000476837158,['मेक्सिको को कैलिफोर्निया का ZERO दावा है।'],['कम से कम मेक्सिको का कैलिफोर्निया में मौजूदा था।']
"So YES, we DO read the bible to learn about Christianity.",personally i would read the bible to learn about christianity.,3.0,['व्यक्तिगत रूप से मैं ईसाई धर्म के बारे में सीखने के लिए बिबल पढ़ता था।'],"['तो हाँ, हम ईसाई धर्म के बारे में सीखने के लिए धर्मग्रंथ पढ़ते हैं।']"
"Ah ha, ha, ha, ha, ha!","Ha, ha, ha, ha, ha, ha!",4.5,"['हा, हा, हा, हा, हा!']","['है, है, है, है, है!']"
And that's why you're yelling at me and refusing to answer my questions?,Still refusing to answer my questions?,3.4000000953674316,['मेरे प्रश्नों का उत्तर देने से अभी भी इंकार कर रहे हैं?'],['और इसीलिए तुम मुझसे चिल्ला रहे हो और मेरे सवालों का जवाब देने से इंकार कर रहे हो?']
"You have too much regulation, not too little.","You have to much intervention in free markets, not too little.",3.799999952316284,"['आपको मुक्त बाजारों में बहुत अधिक हस्तक्षेप करना होगा, कम नहीं।']","['आपके पास बहुत अधिक विनियमन है, बहुत कम नहीं।']"
The Human Element You could sign Lance Berkman at the end of the year I guess?,You could sign Lance Berkman at the end of the year I guess?,4.0,['आप साल के अंत में लैंस बेर्कमैन पर हस्ताक्षर कर सकते हैं मुझे लगता है?'],['मुझे लगता है कि साल के अंत में आप लैंस बर्कमैन पर हस्ताक्षर कर सकते हैं?']
Why was the Book of Thomas left out of the canon?,Why would the addition of more of Jesus words be left out of the canon?,2.5999999046325684,['ईसा के अधिक शब्दों की जोड़ी कानून के बाहर क्यों छोड़ दी जायेगी?'],['थोमस की पुस्तक कैनन में क्यों नहीं रखी गई?']
"You mean, you believe the word of the Mainstream Media?","You mean, you believe the word of the SpringHallConvert?",1.7999999523162842,"['आप मतलब है, आप SpringHallConvert शब्द का विश्वास करते हैं?']","['आप मतलब है, आप mainstream मीडिया का शब्द मानते हैं?']"
We are meant to explore.,We are meant to move.,2.4000000953674316,['हम चलना चाहते हैं।'],['हमें खोजना है।']
"Israel doesn't give a ****, accept it.",That Israel doesn't giva a **** what anybody else thinks.,3.4000000953674316,['यह कि इजरायल किसी भी व्यक्ति के विचारों को नहीं समझता।'],"['इसराइल ने कोई **** नहीं दिया है, इसे स्वीकार करें।']"
We are all vessels filled with many wonders.,I Want to Rock and Roll by Kiss We are all vessels filled with many wonders.,3.4000000953674316,['हम सभी अनेक आश्चर्यों से भरे बर्तन हैं।'],['हम सभी अनेक आश्चर्यों से भरे हुए पात्र हैं।']
Slutstamp! A dear friend from Ohio sent me this.,A dear friend from Ohio sent me this.,3.5999999046325684,['ओहायो से एक प्रिय मित्र ने मुझे यह भेजा।'],['Slutstamp! ओहायो से एक प्रिय मित्र ने मुझे यह भेजा।']
"And yet, the Titanic story is the one that holds up to scrutiny of the evidence.",The new study shows that the Titanic story does not stand up to scrutiny imo.,1.600000023841858,['नए अध्ययन से पता चलता है कि टाइटैनिक की कहानी जांच के लिए तैयार नहीं है.'],"['और फिर भी, टाइटैनिक की कहानी एक ऐसी है जो प्रमाणों की गहराई से जांच करती है।']"
Can he really make mone from google ad sense.,Who makes money off google ad sense?,3.200000047683716,['कौन गूगल विज्ञापन अर्थ से पैसे बनाता है?'],['क्या वह वास्तव में गूगल विज्ञापन अर्थ से मोन बना सकता है।']
They know that the video doesn't show a gas chamber.,The bottom line is that the video clip doesn't show a gas chamber.,4.599999904632568,['अंत में यह है कि वीडियो क्लिप एक गैस कमर नहीं दिखाता है।'],['वे जानते हैं कि वीडियो में गैस चैम्बर नहीं दिखाता है।']
"Warm , maybe record.","Warmer , almost certainly a record.",4.400000095367432,"['वार्मर, लगभग निश्चित रूप से एक रिकार्ड।']","['गर्म, शायद रिकॉर्ड।']"
"""Bright but scatterbrained"" becomes ""treat with drugs"".","""Opinionated and stubborn"" becomes treat with drugs"".",2.200000047683716,"['""विवेचन और दृढ़ता"" ड्रग्स के साथ इलाज हो जाता है।']","['""बright, but scatterbrained"" becomes ""treat with drugs"".']"
"What is your definition of ""life""?",What's your definition of nature?,1.2000000476837158,['प्रकृति का आपका परिभाषा क्या है?'],"['""जीवन"" का आपका परिभाषा क्या है?']"
Could be a lot of things.,Could be a simple mistake.,2.200000047683716,['एक साधारण गलती हो सकता है।'],['बहुत कुछ हो सकता है।']
"No extortion, no bribery, no money involved He's asking for money for his vote.","No extortion, no bribery, no money involved Only class E felonies.",3.799999952316284,"['कोई उत्पीड़न, कोई षड्यंत्र, कोई पैसा शामिल नहीं केवल वर्ग ई अपराध।']","['कोई उत्पीड़न नहीं, कोई षड्यंत्र नहीं, कोई पैसा शामिल नहीं है वह अपने मत के लिए पैसे के लिए पूछ रहा है।']"
Dr. Neander's revised version.,"Neander's revised version""?",4.0,['नेअंडर की संशोधित संस्करण?'],['डॉ. नेअंडर का संशोधित संस्करण।']
Should I just tell her how I feel?,Should I just wait it out and see how it goes?,2.200000047683716,['क्या मैं इसे बाहर प्रतीक्षा करना चाहिए और यह कैसे चलता है देखने के लिए?'],['क्या मैं उसे बता दूं कि मैं कैसे महसूस करता हूँ?']
I. ATLANTIC REQUIREMENTS .,PACIFIC REQUIREMENTS .,0.800000011920929,['समुद्री आवश्यकताएं'],['1. अटलांटिक आवश्यकताएं']
you have no remains of a missile at the pentagon.,you have no witnesses for a missile at the pentagon.,2.5999999046325684,['आपके पास पंचभुज पर एक मिसाइल के लिए कोई गवाह नहीं है।'],['आपके पास पंचभुज में एक मिसाइल का कोई अवशेष नहीं है।']
"""Jane"" wants me to ask the helpful party guest to pay for it.",I can't believe she is asking YOU to ask the helpful party guest for money!,2.200000047683716,['मुझे विश्वास नहीं है कि वह आप से मददगार पार्टी अतिथि से पैसे के लिए पूछने के लिए कह रही है!'],"['""जेन"" चाहता है कि मैं मददगार पार्टी अतिथि से इसके लिए भुगतान करने के लिए पूछें।']"
any woman that wants birth control can get it.,Any woman that wants and abortion can get one.,1.600000023841858,['कोई भी महिला जो गर्भपात चाहता है उसे प्राप्त कर सकती है।'],['कोई भी महिला जो गर्भनिरोध चाहता है उसे प्राप्त कर सकता है।']
Is it legal to grow?,"Yes, it's legal to grow.",2.5999999046325684,"['हाँ, यह बढ़ना कानूनी है।']",['क्या बढ़ना कानूनी है?']
"pressing one does not ""do"" english.",Pressing one does send a tone.,1.7999999523162842,['एक दबाने से एक टोन भेजता है।'],"['एक दबाने के लिए ""अंग्रेज़ी करें"" नहीं है।']"
What's my opinion regarding the series?,What was my opinion of Firefly in the interim?,2.799999952316284,['अंतरिम में फायरफ्लाई के बारे में मेरा क्या मत था?'],['श्रृंखला के बारे में मेरी राय क्या है?']
We are all vessels filled with many wonders.,Chuck Close We are all vessels filled with many wonders.,3.5999999046325684,['हम सभी अनेक आश्चर्यों से भरे जहाज हैं।'],['हम सभी अनेक आश्चर्यों से भरे हुए पात्र हैं।']
Does he have supporters?,He definently has supporters.,2.0,['उसे स्पष्ट रूप से समर्थक हैं।'],['क्या उसके समर्थक हैं?']
"but okay, ultimate sovereignty?","Thus, ultimate sovereignty.",2.200000047683716,"['इस प्रकार, अंतिम प्रभुत्व।']","['लेकिन ठीक है, अंतिम प्रभुत्व?']"
that is not an answer.,"no, it's not an answer.",4.800000190734863,"['नहीं, यह एक जवाब नहीं है।']",['कि एक जवाब नहीं है।']
The Nazis increases the longevity of a handgun permit from  to  years.,The Nazis lowered the minimum age to buy a firearm from  to .,2.200000047683716,['नाजी ने आयु सीमा को कम कर दिया था जिससे एक बंदूक खरीदी जा सकती थी।'],['नाजियों ने हतियार की अनुमति की आयु को कई वर्षों से बढ़ा दिया।']
But we can't do it without help.,"We can't do it without you.""",3.5999999046325684,"['आप के बिना हम ऐसा नहीं कर सकते। ""']",['लेकिन हम मदद के बिना यह नहीं कर सकते।']
No healthy person needs gambling.,No healthy person needs sex.,1.399999976158142,['कोई स्वस्थ व्यक्ति को सेक्स की जरूरत नहीं है।'],['कोई स्वस्थ व्यक्ति जुआ खेलने की जरूरत नहीं रखता।']
"I said it wasn't a person, in the legal sense.","If it isn't a person, then WTF is it?",2.0,"['अगर यह कोई व्यक्ति नहीं है, तो यह WTF है?']","['मैंने कहा कि यह कानूनी अर्थ में, एक व्यक्ति नहीं था।']"
Do you see Obama calling for regulation reform?,"Do you see Obama calling for Cut, Cap and Balance?",1.7999999523162842,"['क्या आप देखते हैं कि ओबामा कट, कैप और संतुलन के लिए बुला रहा है?']",['क्या आप देखते हैं कि ओबामा विनियमन सुधार की मांग करता है?']
"""Leprechauns don't exist"" - fine.","""Elves don't exist"" - fine.",3.0,"['""ईल्फ़ मौजूद नहीं हैं""-ठीक है।']","['""Leprechauns अस्तित्व में नहीं है""-ठीक है।']"
Got some Heine and coors light i started it last night xanis.,i started it last night xanis.,2.0,['मैंने कल रात इसे आरंभ किया है जेनिस.'],['कुछ Heine और coors प्रकाश मिला मैं पिछले रात इसे शुरू कर दिया xanis.']
Iran is also a signed of the NPT and the IAEA.,"Gotta love the EK factoid that ""Iran is also a signed of the NPT and the IAEA.",4.199999809265137,"['ई. सी. के तथ्य को प्यार करना चाहिए कि ""इरान एन. पी. टी. और आई. ए. ए. ए. का भी एक हस्ताक्षर है।']",['ईरान एन. पी. टी. और आई. ए. ए. ए. का भी हस्ताक्षर करता है।']
"""Gorgons don't exist"" - fine.","""Satyrs don't exist"" - fine.",2.0,"['""शैतारी नहीं है"" ठीक है।']","['""गॉर्गन मौजूद नहीं हैं""-ठीक है।']"
"Best way to get money out is to get rid of lobby, all of it.",Best way to turn it on its head is to get money out.,3.0,['इसे अपने सिर पर घुमाने का सबसे अच्छा तरीका पैसे बाहर निकालना है।'],"['पैसे बाहर निकालने के लिए सबसे अच्छा तरीका है लॉबी से छुटकारा पाने के लिए, यह सब।']"
"I have  years of ""Neener Neener"" rights Usually I get pretty decent care.","I have  years of ""Neener Neener"" rights they are crack ups.",3.4000000953674316,"['मेरे पास वर्षों के ""नेनेनेर नेनेर"" अधिकार हैं वे crack ups हैं।']","['मेरे पास कई वर्षों के ""नेनेनेर नेनेर"" अधिकार हैं आमतौर पर मुझे काफी अच्छी देखभाल मिल जाती है।']"
Dutchy Has anyone heard from Dutchy?,"@NickFun, Has anyone heard from Dutchy?",3.5999999046325684,"['@NickFun, क्या किसी ने डचनी से सुना है?']",['डचनी क्या किसी ने डचनी से सुना है?']
"Commodity Expanded Value-Form, .",Elementary Commodity-Capital Value-Form .,3.5999999046325684,['मूलभूत वस्तु-पूंजी मूल्य-रूप'],"['कमोडिटी विस्तारित मान-फॉर्म,.']"
You are a Christian.,Therefore you are not a Christian.,1.399999976158142,['अतः तुम ईसाई नहीं हो।'],['तुम एक ईसाई हो।']
And the simple fact today?,I repeat: And the simple fact today?,4.0,['मैं दोहराता हूंः और आज का सादा तथ्य?'],['और आज के सरल तथ्य?']
Morals have absolutely nothing to do with it !,and morals and honesty have everything to do with it.,2.0,['और नैतिकता और ईमानदारी के साथ सब कुछ है।'],['इसके साथ नैतिकता का कोई सम्बन्ध नहीं है।']
"""Oh, you're such a good person!","You're such a bad person!""",1.7999999523162842,"['तुम बहुत बुरा आदमी हो!""']","['""ओह, तुम बहुत अच्छा आदमी हो!']"
Fern I think stories like this are stupid.,- wolf I think stories like this are stupid.,3.5999999046325684,['मैं सोचता हूँ कि इस तरह की कहानियां मूर्ख हैं।'],['फर्न मुझे लगता है कि ऐसी कहानियां मूर्ख हैं।']
CYCLONE FORMATION IS NOT EXPECTED DURING THE NEXT  HOURS.,TROPICAL CYCLONE FORMATION IS NOT EXPECTED.,3.4000000953674316,['ट्रॉPICAL CYCLONE FORMATION IS NOT EXPECTED.'],['अगले घंटों के दौरान साइक्लोन निर्माण की संभावना नहीं है.']
Do you not understand what that string of words means?,Do you not understand what the word 'led' implies?,1.2000000476837158,"[""क्या आप नहीं समझते कि 'लिड' शब्द का अर्थ क्या है?""]",['क्या तुम नहीं समझते कि उस क़िस्म के शब्दों का अर्थ क्या है?']
There is no freedom of religion.,There is no freedom of speech.,1.2000000476837158,['बोलने की कोई स्वतंत्रता नहीं है।'],['धर्म की कोई स्वतंत्रता नहीं है।']
Originally Posted by SolInvictus The messahe of all the scriptures is oneness.,Originally Posted by SolInvictus Ah.,2.4000000953674316,['मूलतः Posted by SolInvictus Ah.'],['मूलतः Posted by SolInvictus सभी धर्मग्रंथों का संदेश एकत्व है।']
How long after the obliteration should the kid return to school?,How long after the obliteration should it no longer bother the kid?,3.0,['विनाश के बाद कितनी देर तक यह बच्चे को परेशान नहीं करना चाहिए?'],['विनाश के बाद बच्चे को स्कूल लौटना चाहिए?']
A man and a woman are different yes.,Men and women are different yes?,3.4000000953674316,['पुरूष और स्त्री अलग-अलग हैं?'],['एक पुरुष और एक स्त्री अलग हैं हाँ।']
Double Jeopardy actually enforces a jury nullification.,As far as legality goes I can use jury nullification.,2.200000047683716,"['जहां तक विधिकता है, मैं जुरी निरस्तीकरण का प्रयोग कर सकता हूँ।']",['दोहरा खतरा वास्तव में एक जुरी निरस्तीकरण को लागू करता है.']
Facilitator : Show me the smart child.,Facilitator : And why is she the dumb child?,1.0,['सहायकः और वह मूर्ख बच्चे क्यों है?'],['सुविधाजनकः मुझे स्मार्ट बच्चे को दिखाओ।']
religious fiction Isn't that redundant and repetetive?,Isn't that redundant and repetetive?,3.200000047683716,['क्या यह बेकार और निरस्त नहीं है?'],['धार्मिक कथानक क्या यह अनावश्यक और निरस्त नहीं है?']
Originally Posted by anabelle What's wrong with that?,Originally Posted by Vienna To 'say' what?,0.0,"[""मूल रूप से विएना द्वारा लिखा गया'say' क्या?""]",['मूलतः anabelle द्वारा प्रकाशित क्या है कि गलत है?']
Cracklin' Rosie by Neil Diamond We are all vessels filled with many wonders.,Jingle Bell Rock by Bobby Helm We are all vessels filled with many wonders.,1.600000023841858,['हम सभी अनेक आश्चर्यों से भरे जहाज हैं।'],['हम सभी अनेक आश्चर्यों से भरे जहाज हैं।']
Some people have complete confidence in the people running these institutions.,Other people have no confidence at all in teh people running these institutions.,1.600000023841858,['अन्य लोग इन संस्थाओं को चलाने वाले लोगों पर बिलकुल विश्वास नहीं रखते।'],['कुछ लोगों को इन संस्थाओं को चलाने वाले लोगों पर पूरा विश्वास है।']
loose change started out as a work of fiction.,It finished as a work of fiction.,2.200000047683716,['यह उपन्यास उपन्यास के रूप में पूरा हो गया।'],['मुक्त परिवर्तन का आरंभ कलात्मक कार्य के रूप में हुआ।']
"If it wasn't a life, then it would not be able to be born.","If it wasn't alive, then it would miscarriage on it's own.",3.0,"['यदि वह जीवित नहीं था, तो वह अपने आप से गर्भपात करेगा।']",['अगर वह जीवन नहीं होता तो वह जन्म नहीं लेता।']
"GL, Terral That is absolutely amazing.",Hi Ollie: That is absolutely amazing.,2.4000000953674316,['हे ओलिः यह बिल्कुल अद्भुत है।'],"['जीएल, टेरेल यह बिल्कुल अद्भुत है।']"
lets assume we have % white and % black.,Imagine a place that's % white and % black.,3.777777671813965,['एक स्थान की कल्पना करें जो% सफेद और% काला है।'],['हम% सफेद और% काला है मानते हैं।']
Freedom of speech has consequences!,If freedom of speech has consequences then it is not free.,2.1111111640930176,['यदि अभिव्यक्ति की स्वतंत्रता के परिणाम होते हैं तो वह स्वतंत्र नहीं है।'],['अभिव्यक्ति की स्वतंत्रता के परिणाम हैं!']
"""Fairies don't exist"" - fine.","""Leprechauns don't exist"" - fine.",1.0,"['""Leprechauns अस्तित्व में नहीं है""-ठीक है।']","['""विपत्तियां अस्तित्व में नहीं हैं""-ठीक है।']"
"If so, state that is why they're not true.","Please, what about them are not true.",3.200000047683716,"['कृपया, उनके बारे में क्या सच नहीं है।']","['अगर ऐसा है, तो यह बताओ कि क्यों वे सही नहीं हैं।']"
-Not- talking about it 'and' -Not- doing anything.,is even worse than talking about it and not doing anything.,2.799999952316284,['इससे भी बुरी बात है कि इसके बारे में बात करना और कुछ भी नहीं करना।'],"[""इसके बारे में बात नहीं कर रहे हैं 'और'-कुछ नहीं कर रहे हैं.""]"
"""Being against nukes"" does not mean ""not wanting to use nukes"".","""Being against using nukes"" means ""not wanting to use nukes"".",1.399999976158142,"['परमाणुओं का उपयोग करने के विरुद्ध होने का अर्थ है, परमाणुओं का प्रयोग करना नहीं करना।']",['परमाणु के विरूद्ध होने का अर्थ नहीं है परमाणु का प्रयोग करना।']
My niece is married to a black man.,My great niece is half black.,1.399999976158142,['मेरी बहू का साढ़े काला है।'],['मेरी बहन का विवाह एक काले आदमी से हुआ है।']
The UK population is just over  million.,The Japanese population is nearly  million.,1.0,['जापान की जनसंख्या लगभग एक मिलियन है।'],['ब्रिटेन की जनसंख्या एक करोड़ से भी अधिक है।']
I Shot the Sheriff We are all vessels filled with many wonders.,We are all vessels filled with many wonders.,3.4000000953674316,['हम सभी अनेक आश्चर्यों से भरे हुए पात्र हैं।'],['हम सभी अनेक आश्चर्यों से भरे जहाज हैं।']
I hope this is nothing.,I hope everything is ok!,2.0,['मुझे उम्मीद है कि सब ठीक है!'],['मुझे आशा है कि यह कुछ भी नहीं है।']
The money I spent adopting Velociraptor.,Those may be my top . The money I spent adopting Velociraptor.,4.199999809265137,['ये मेरे शीर्ष हो सकता है। मैं Velociraptor अपनाने में खर्च किया गया पैसा।'],['मैं Velociraptor को अपनाने में खर्च किया गया पैसा।']
"So, you actually believe every word of what Terral wrote?","GL, Terral Hi Corn: So, you actually believe every word of what Terral wrote?",4.199999809265137,"['जीएल, टेरेल हाय कॉर्नः तो, आप वास्तव में क्या टेरेल के लेखन के हर शब्द मानते हैं?']","['तो, तुम सचमुच टेरेल की रचनाओं के हर शब्द पर विश्वास करते हो?']"
What isn't how what was sold?,"It's not how it was sold, gb.",1.600000023841858,"['यह कैसे यह विक्रय किया गया, gb नहीं है।']",['क्या ऐसा नहीं है जो बेचा गया था?']
I know I'd hate to be him.,I'd hate to be him too.,4.400000095367432,['मैं भी उसका होना घृणा करता हूं।'],['मैं जानता हूं कि मैं उससे न होना चाहता।']
there were no weapons.,Of course there were no weapons.,4.599999904632568,['बेशक हथियार नहीं थे।'],['वहाँ कोई हथियार नहीं थे।']
It's so stupid that it just has to be true.,It's amusing to think it even might be true.,3.0,['यह सोचना कि यह सच भी हो सकता है बहुत मजेदार है।'],['यह इतना मूर्ख है कि इसे सच होना चाहिए।']
Personal responsibility much?,"Again, personal responsibility.",4.400000095367432,"['फिर, व्यक्तिगत उत्तरदायित्व।']",['व्यक्तिगत उत्तरदायित्व अधिक?']
Do you notice the nonsensical things you are saying?,"And to be fair, do you notice the nonsensical things you are saying?",4.5714287757873535,"['और इन्साफ के लिए, क्या आप उन बेवकूफ बातों को देखते हैं जो आप कह रहे हैं?']",['क्या आप उन बेवकूफ बातों को देखते हैं जो आप कह रहे हैं?']
I guess I pulled it out of the census's rear end in a top hat.,Does the census have an rear end in a top hat?,2.5999999046325684,['क्या जनगणना का ऊपरी टोपी में पिछला सिर होता है?'],['मुझे लगता है कि मैं एक ऊपरी टोपी में जनगणना के पीछे से इसे बाहर निकाला।']
How is this slanted against Bush??,Where is the slant against Bush?,4.400000095367432,['बुश के खिलाफ झुकाव कहाँ है?'],['यह किस प्रकार बुश के खिलाफ है?']
If it wasn't bollocks it wouldn't be homeopathy.,That's simple logic If it wasn't bollocks it wouldn't be homeopathy.,4.800000190734863,['यह सरल तर्क है यदि यह bollocks नहीं होता तो यह होम्योपैथी नहीं होगा।'],['अगर यह बेवकूफ नहीं होता तो यह होम्योपैथी नहीं होता।']
"I've never accused him of over-milligraming, nothing.",I've never accused him of doctoring a baseball.,0.4000000059604645,['मैंने कभी भी उसे बेसबल का डाक्टर होने का आरोप नहीं लगाया है।'],"['मैंने कभी भी उसे अति-milligraming का आरोप नहीं दिया है, कुछ भी नहीं।']"
The bailout was bigger than TARP Bloomberg news.,The bailout was bigger than TARP This title is misleading.,3.799999952316284,['यह शीर्षक गलत है।'],['बैलआउट टर्प ब्लूमबर्ग समाचारों से बड़ा था।']
My parents have told me it is bad for you.,officers have told me its bad for you.,2.0,['अधिकारियों ने मुझे बताया है कि यह आप के लिए बुरा है।'],['मेरे माता-पिता ने मुझे बताया है कि यह तुम्हारे लिए बुरा है।']
His position is that it is the individual's risk to assume.,His position is the way it is currently.,1.0,['उनकी स्थिति वैसी है जैसी वह आज है।'],['उनका दृष्टिकोण यह है कि यह व्यक्ति का जोखिम है।']
I. ATLANTIC REQUIREMENTS .,PACIFIC REQUIREMENTS .,0.800000011920929,['समुद्री आवश्यकताएं'],['1. अटलांटिक आवश्यकताएं']
Read More: You have never met anyone that is Pro-Abortion?,You have never met anyone that is Pro-Abortion?,4.800000190734863,['क्या तुमने ऐसे किसी को नहीं देखा है जो गर्भपात के पक्ष में है?'],['अधिक जानेंः तुमने कभी किसी ऐसे व्यक्ति को नहीं देखा है जो गर्भपात के पक्ष में है?']
I have no problem with those that have money!,"I have many problems with these men, way to many to state here!",0.20000000298023224,"['इन लोगों के साथ मुझे बहुत-सी समस्याएं हैं, यहां कहने के लिए बहुत-सी!']",['मेरे पास उन लोगों के साथ कोई समस्या नहीं है जिनके पास पैसे हैं!']
"Nixon, Ford and Carter shut down the oilfields?",No has has shut down the oil fields.,2.0,['कोई भी ने तेल क्षेत्रों को बंद नहीं किया है।'],"['निक्सन, फोर्ड और कार्टर ने तेल क्षेत्रों को बंद कर दिया?']"
i don't want a president who 'cares'.,i don't want a president who is charasmatic.,1.0,['मैं ऐसे राष्ट्रपति को नहीं चाहता जो चरित्रवान हो।'],"[""मैं एक राष्ट्रपति को नहीं चाहता जो 'कौश रखता है'।""]"
It doesn't have to be braindead.,I don't have a proposed model.,0.0,['मेरे पास कोई प्रस्तावित मॉडल नहीं है।'],['यह मस्तिष्क मृत नहीं होना चाहिए।']
no missile evidence.,no missile witnesses.,3.200000047683716,['कोई मिसाइल गवाह नहीं.'],['कोई मिसाइल साक्ष्य नहीं।']
My teachers have told me it is bad for you.,officers have told me its bad for you.,2.200000047683716,['अधिकारियों ने मुझे बताया है कि यह आप के लिए बुरा है।'],['मेरे शिक्षकों ने मुझे बताया है कि यह तुम्हारे लिए बुरा है।']
"My gosh, I'm the one with the pregnancy ticker.",I have the pregnancy ticker.,4.199999809265137,['मुझे गर्भावस्था की चिंघाड़ है।'],"['भगवान्, मैं एक है जो गर्भावस्था चिंघाड़ने वाला है।']"
Then he is not omnipotent.,Then he is malevolent.,1.399999976158142,['फिर वह ज़ालिम है'],['फिर वह सर्वशक्तिमान नहीं है']
"tin foil hat for the dog face, what size do u wear?","tin foil hat for the sarg, what size do u wear?",3.0,"['सैरग के लिए टिन फ़िल टोपी, क्या आकार आप पहनते हैं?']","['कुत्ते के चेहरे के लिए टिन foil टोपी, क्या आकार आप पहनते हैं?']"
Like this  year old who was shot dead in a marijuana-related crime.,Or the  year old boy shot dead with automatic weapons by marijuana dealers.,4.199999809265137,['या उस साल के लड़के को जो मैरूजाना डीलरों द्वारा स्वचालित हथियारों से गोली से मार डाला गया।'],['जैसे इस साल की उम्र की जो मैरूजाना से संबंधित अपराध में गोली से मार डाली गई थी।']
"If you leap up to make a hit, you're getting a penalty.","If your stick hits a guy in the face, you're getting a penalty.",2.5999999046325684,"['अगर आप का लौक किसी आदमी के चेहरे पर छू जाता है, तो आप को एक पेनल्टी मिल जाती है.']","['अगर आप एक हिट करने के लिए ऊपर चक्कर लगाते हैं, आप को एक पेनल्टी मिल रही है।']"
ALL of the electrical energy comes from the battery.,ALL of the electrical energy ultimately comes from the alternator.,2.4000000953674316,['सभी विद्युत ऊर्जा अंततः कल्पक से आती है।'],['सभी विद्युत ऊर्जा बैटरी से आती है।']
Do you know how many passengers testified or what they said?,How many passengers said they saw an iceberg?,2.4000000953674316,['कितने यात्रियों ने कहा कि उन्होंने एक आइसबर्ग देखा?'],['क्या आप जानते हैं कि कितने यात्रियों ने गवाही दी या उन्होंने क्या कहा?']
Imagine a place with % men and % women.,Imagine a place that's % white and % black.,1.600000023841858,['एक स्थान की कल्पना करें जो% सफेद और% काला है।'],['% पुरुषों और% महिलाओं के साथ एक स्थान की कल्पना करें।']
Scenario A assumes that the CO growth rate accelerates by .%/yr.,It assumes that methane growth rate accelerates by .%/yr.,1.75,['यह मानता है कि मेथेन विकास दर.%/वर्ष के द्वारा त्वरित होती है।'],['परिदृश्य ए यह मानता है कि CO विकास दर.%/वर्ष द्वारा त्वरित होती है।']
They have actually showed a cooling trend since  due to the recent decline.,get a cooling trend from  because of the recent decline.,4.599999904632568,['हाल के गिरावट के कारण से एक ठंडा प्रवृत्ति प्राप्त करें।'],['हाल ही में हुई गिरावट के कारण वे वास्तव में ठंडेपन की प्रवृत्ति प्रदर्शित कर रहे हैं।']
We are all vessels filled with many wonders.,Landon Memory from CATS We are all vessels filled with many wonders.,3.0,['लैंडन मेमोरी CATS से हम सभी अनेक आश्चर्यों से भरे जहाज हैं।'],['हम सभी अनेक आश्चर्यों से भरे हुए पात्र हैं।']
to repeat: They are NOT as sovereign as they were before.,They are NOT as sovereign as they were before.,4.5,['वे पहले के रूप में उतना प्रभुत्वशाली नहीं हैं जितना वे थे।'],['दोहराएंः वे पहले की तरह उतने ही प्रभुत्वशाली नहीं हैं।']
"Out of touch and completely untrustworthy, however, wouldn't.",Out of touch and untrustworthy?,4.25,['नाजुक और अविश्वसनीय?'],"['लेकिन बाहर से और पूरी तरह से अविश्वसनीय, नहीं होगा।']"
It is mostly just the Dutch.,"In fact, it's just the Dutch.",3.5999999046325684,"['वास्तव में, यह सिर्फ डच है।']",['ज्यादातर सिर्फ डच लोग हैं।']
"We're talking about angels and common pins again, right?","@Lustig Andrei, We're talking about angels and common pins again, right?",4.800000190734863,"['@Lustig Andrei, हम एक बार फिर फ़रिश्तों और सामान्य pins के बारे में बात कर रहे हैं, ठीक है?']","['हम फ़रिश्तों और सामान्य pins के बारे में फिर से बात कर रहे हैं, ठीक है?']"
claims about trayvon's character And when did I do that?,slanted blogs And when did I do that?,2.5999999046325684,['जब मैंने ऐसा किया था?'],['ट्रेवॉन के चरित्र के बारे में दावा और जब मैंने ऐसा किया था?']
% How much money does PP take in for abortion services?,How much is spent on abortions services?,2.5999999046325684,['गर्भपात सेवाओं पर कितना खर्च किया जाता है?'],['PP गर्भपात सेवाओं के लिए कितना पैसा लेता है?']
Why did that transaction take place.,Did the transaction take place?,2.4000000953674316,['क्या सौदा हुआ था?'],['ऐसा लेन-देन क्यों हुआ।']
There is no more egg cell post-fertilization.,There is no more sperm cell.,2.4000000953674316,['अब शुक्राणु कोशिका नहीं है.'],['प्रजनन के बाद अंडे की कोशिकाएं नहीं होतीं।']
Lacey - welcome back!,"Anyway, welcome back.",4.0,"['वैसे भी, वापस स्वागत है।']",['लेसी-पुनः स्वागत है!']
"More factchecking: I don't know why anyone is making a fuss over the $, bet.","I don't know why anyone is making a fuss over the $, bet.",4.400000095367432,"['मैं नहीं जानता कि कोई $ के बारे में एक झगड़ा क्यों कर रहा है, बाजी।']","['अधिक तथ्यों की जांचः मैं नहीं जानता कि कोई भी $, बाजी पर एक झगड़ा क्यों कर रहा है।']"
"If you haven't made any claims, then just say so.",I haven't made any claims.,2.4000000953674316,['मैंने कोई दावा नहीं किया है।'],"['अगर आपने कोई दावा नहीं किया है, तो बस कह दो।']"
No Thatcherite can ever call themselves a libertarian.,Ergo it offends me when Thatcherites call themselves libertarian.,2.4000000953674316,['इसीलिए जब थैचरियों ने स्वयं को स्वाधीनतावादी कहा तो मुझे धिक्कार होता है।'],['कोई भी थैचरित कभी स्वयं को एक उदारवादी नहीं कह सकता।']
the problem isn't who has money.,the problem is who doesn't have money.,2.4666666984558105,['समस्या यह है कि जिसके पास पैसे नहीं हैं।'],['समस्या यह नहीं है कि जिसके पास पैसे हैं।']
But do you actually believe there was an iceberg in those waters?,I don't believe there was any iceberg at all anywhere near the Titanic.,2.799999952316284,['मैं ऐसा नहीं मानता कि टाइटैनिक के निकट कोई बर्फ-पर्वत था।'],['लेकिन क्या आप वास्तव में विश्वास करते हैं कि उन जलों में एक आइसबर्ग था?']
not astros or orioles bad Gameday for the orioles game is frozen for me.,Gameday for the orioles game is frozen for me.,3.0,['मेरे लिए ओरियोल खेल के लिए खेल दिवस जम गया है।'],['नहीं एस्ट्रोस या ओरिओल्स बुरी Gameday के लिए ओरिओल्स खेल मेरे लिए जम गया है।']
"If so, alot of cops should take presciption drugs.","If so, alot of inventors, writers should take prescription drugs..",2.4000000953674316,"['यदि ऐसा है तो बहुत से शोधकर्ताओं, लेखकों को निदेशित दवाओं को लेना चाहिए।']","['अगर ऐसा है, तो बहुत से पुलिसवालों को डिस्पीसिप्शन ड्रग्स लेने चाहिए।']"
Tell us what the charges were.,Yes what are his charges.,4.0,"['हाँ, उसके आरोप क्या हैं?']",['हमें बताओ कि आरोप क्या थे।']
Those are partial psychopaths.,Was Ted Bundy a partial psychopath?,1.7999999523162842,['क्या टेड बंडी एक आंशिक मनोरोगी था?'],['ये आंशिक मनोरोगी हैं।']
those who ignore history are doomed to repeat it.,ooo strike TWO those who ignore history are doomed to repeat it.,4.199999809265137,['जो लोग इतिहास को अनदेखा करते हैं वे दो बार इसे दोहराने के लिए नुक़सान में हैं.'],['जो लोग इतिहास को अनदेखा करते हैं वे उसे दोहराने के लिए नुक़सान में पड़ गए हैं.']
this is NOT a war deployment.,its not an official deployment.,2.4000000953674316,['यह एक सरकारी तैनाती नहीं है।'],['यह एक युद्ध प्रक्षेपण नहीं है।']
Nutrax The plural of anecdote is not data Did gentlemen need chaperones?,Nutrax The plural of anecdote is not data,3.5999999046325684,['नुट्रैक्स एnecdote का बहुवचन डाटा नहीं है'],['नुट्रैक्स एnecdote का बहुवचन डाटा नहीं है क्या सज्जनो को chaperones की जरूरत है?']
Alright just got in.,not well Alright just got in.,4.0,['ठीक नहीं है बस अंदर गया।'],['ठीक है बस अंदर गया.']
h and i both read the books and thought the movie moved so quickly.,"I haven't read the books, but I saw the movie today.",3.0,"['मैंने किताबें नहीं पढ़ी हैं, लेकिन आज मैंने फिल्म देखी है।']",['हम दोनों ने किताबें पढ़ी और सोचा कि फिल्म इतनी तेजी से चल रही है।']
"That's not the Moloch scene, though.",This is the Moloch scene.,2.4000000953674316,['यह मोलोच दृश्य है।'],['लेकिन यह मोलोच दृश्य नहीं है।']
"@Lustig Andrei, So Lyndon Johnson and John Kennedy were compatible?","@edgarblythe, So Lyndon Johnson and John Kennedy were compatible?",4.400000095367432,"['@edgarblythe, तो लिनडन जॉन्सन और जॉन केनेडी समरूप थे?']","['@Lustig Andrei, तो Lyndon Johnson और John Kennedy संगत थे?']"
You need to make up your mind.,You need to polish up on your logic skills.,0.6000000238418579,['आपको अपनी तार्किक कौशल को साफ करने की जरूरत है।'],['आपको अपना मन बनाना होगा।']
The one that has  walks home afterwards and goes to sleep.,The one that has three walks home and beats his wife.,1.399999976158142,['जो तीन है वह घर जाता है और अपनी पत्नी को मारता है।'],"['जो घर जाता है, उसके बाद चलता है और सो जाता है।']"
- Admin DrPizza and i'd forgotten what a whiny little bed wetter you are.,and i'd forgotten what a whiny little bed wetter you are.,3.799999952316284,['और मैं भूल गया था कि क्या एक चिड़चिड़ा छोटा बिस्तर आप अधिक खरगोश हैं।'],['- एडमिन डा. पीजा और मैं भूल गया था कि क्या एक बुर्जुग़ी छोटे बिस्तर से अधिक बूढ़ा आप हैं.']
"The argument was ""Albert Einstein didn't go to college"".","OMG, ""Einstein didn't go to college.""",4.199999809265137,"['ओह, ""ऐनस्टाइन कॉलेज नहीं गया था.""']","['तर्क था ""अल्बर्ट आइंस्टाइन कॉलेज नहीं गया था"".']"
"Capital gains, top rate:  percent.","Income tax, top rate:  percent.",2.4000000953674316,"['आयकर, उच्चतम दर: प्रतिशत']","['पूंजी अभिलाभ, उच्च दर: प्रतिशत']"
Bienging is unaccptable.,Being drunk is unacceptable.,1.0,['शराब पीना अस्वीकार्य है।'],['बीनिंग असंभव है।']
He hasn't been funny in years.,He hasn't been funny since Larry Bud Melman was on the show.,3.4000000953674316,['लारी बुड मेलमन के इस कार्यक्रम में आने के बाद से वह हास्यास्पद नहीं रहा है।'],['वह वर्षों से हास्यास्पद नहीं रहा है।']
"If the universe has an explanation of its existence, that explanation is God.","Therefore, the universe has an explanation of its existence.",2.4000000953674316,"['अतएव, ब्रह्मांड के अस्तित्व का एक स्पष्टीकरण है।']",['यदि ब्रह्मांड के अस्तित्व का कोई स्पष्टीकरण है तो वह स्पष्टीकरण ईश्वर है।']
What do we get in return for doing the fighting for them?,------ ----------- What do we get in return for doing the fighting for them?,5.0,['उनके लिए लड़ने के बदले में हमें क्या मिलता है?'],['उनके लिए लड़ने के बदले में हमें क्या मिलेगा?']
It wouldn't stop joke marriages.,And I don't fight for marriage.,1.2000000476837158,['और मैं विवाह के लिए नहीं लड़ता।'],['यह मज़ाक विवाहों को रोक नहीं सकता।']
"If they were Jews, I would call them Jews.","If they were Catholics, I would call them Catholics.",2.200000047683716,['यदि वे कैथोलिक होते तो मैं उन्हें कैथोलिक कहता।'],['यदि वे यहूदी होते तो मैं उन्हें यहूदी कहता।']
She was a great lady.,She was a nice lady.,4.0,['वह एक अच्छा महिला थी।'],['वह एक महान महिला थी।']
He's not wealthy because he's successful.,Why hate people because they are successful?,0.800000011920929,['लोगों को क्यों घृणा करें क्योंकि वे सफल हैं?'],['वह धनी नहीं है क्योंकि वह सफल है।']
Not as irritated as you.,You seem as irritated as Henry.,1.75,['आप हेनरी की तरह उलझन लगते हैं।'],['आप की तरह उलझन नहीं है.']
It's a common sense/deductive reasoning thing.,Hilited your common sense/deductive reasoning thing.,2.5,['आपके सामान्य विवेक/उद्धरणात्मक तर्क की बात को हानि पहुँचा।'],['यह एक सामान्य समझ/उद्धरणात्मक तर्क बात है।']
You already did that - we have a Muslim in office right now.,-CryptoLutheran No. We have a Christian in office right now.,0.800000011920929,['-CryptoLutheran नहीं. हम अभी कार्यालय में एक ईसाई है.'],['तुमने पहले ही ऐसा किया है-अभी हमारे पास एक मुसलमान है।']
I said she has not ever had to be a part of any workforce.,Ann Romney has never had to get out and be a part of the workforce.,3.4000000953674316,['एन रोमनी को कभी बाहर निकलने और कार्यबल का हिस्सा होना नहीं पड़ा है।'],['मैंने कहा कि उसे कभी किसी भी कार्यबल का हिस्सा नहीं होना पड़ा है।']
DreamTech never been ejaculated on as far as I know.,It has never been ejaculated on as far as I know.,3.0,"['जहां तक मैं जानता हूं, यह कभी भी उजागर नहीं किया गया है।']",['DreamTech मैं जानने के लिए जहां तक पर कभी भी उत्तेजित नहीं किया गया है.']
I didn't say we had gotten soft since / Rand.,I said YOU had gotten soft.,1.2000000476837158,['मैंने कहा था कि तुम मृदु हो गए थे।'],['मैंने नहीं कहा था कि हम रेंड के बाद से मृदु हो गया था.']
We all believe that we are getting what we expect.,"Most times, % of the time, we are getting what we expect.",3.799999952316284,"['अधिकतर बार, प्रतिशत समय, हम क्या हम आशा कर रहे हैं प्राप्त कर रहे हैं।']",['हम सभी मानते हैं कि हम जो हमें उम्मीद है उसे प्राप्त कर रहे हैं।']
"Despicable Ben, Stop trying to find excuses for the man.","Ben, Stop trying to find excuses for the man.",4.400000095367432,"['बेन, इस आदमी के लिए बहाने ढूंढने की कोशिश करना बंद करो.']","['विनष्ट बेन, इस आदमी के लिए बहाने ढूंढने की कोशिश करना बंद कर दो।']"
Unless it's different in different countries?,"So, short form, yes, it probably is different in different countries.",3.5999999046325684,"['तो, छोटा रूप, हाँ, यह शायद अलग अलग देशों में अलग है।']",['जब तक कि यह अलग अलग देशों में अलग नहीं है?']
The new study does not support your claim.,The physical evidence does not support your claim.,2.200000047683716,['भौतिक साक्ष्य आपके दावे का समर्थन नहीं करता है.'],['नया अध्ययन आपके दावे का समर्थन नहीं करता है.']
He said at EVERY level.,But he said EVERY level.,4.599999904632568,['लेकिन उन्होंने कहा कि हर स्तर।'],['उन्होंने हर स्तर पर कहा।']
"morals do not exist, so technically nothing can be morally wrong.",I ask again if God does not exist can anything be morally wrong?,2.200000047683716,['मैं फिर से पूछता हूं कि यदि ईश्वर नहीं है तो क्या कोई भी बात नैतिक रूप से गलत हो सकती है?'],"['नैतिकता नहीं है, तो तकनीकी रूप से कुछ भी नैतिक रूप से गलत नहीं हो सकता है।']"
I thought that was mostly just the Dutch.,It is mostly just the Dutch.,4.0,['ज्यादातर सिर्फ डच लोग हैं।'],['मैं सोचता था कि ज्यादातर सिर्फ डच लोग थे।']
Toyland by Johnny Mathis We are all vessels filled with many wonders.,Eye of the Tiger We are all vessels filled with many wonders.,3.200000047683716,['हम सभी अनेक चमत्कारों से भरे हुए पोत हैं।'],['जोनी मैथिस द्वारा टॉयलैंड हम सभी अनेक चमत्कारों से भरे जहाज हैं।']
Let's let this play out in court.,Nothing is stopping this thing from playing out in court.,3.799999952316284,['अदालत में इस बात को खेलने से कोई रोक नहीं सकता।'],['चलो यह अदालत में खेलने के लिए।']
Being in a gang isnt a crime.,Commiting a crime in a gang is a crime.,1.7999999523162842,['किसी गुट में अपराध करना एक अपराध है।'],['गैंग में रहना कोई अपराध नहीं है।']
I'd offer Iran a deal.,Chuck I'd offer Iran a deal.,4.199999809265137,['चैक मैं ईरान को एक सौदा प्रस्तावित करता हूँ।'],['मैं ईरान को सौदा करूंगा।']
"Yes, they are both different.",Opinions are different.,1.2000000476837158,['विचार अलग-अलग हैं।'],"['हाँ, वे दोनों भिन्न हैं।']"
It's not imposing morals.,It's imposing a law.,1.100000023841858,['यह एक कानून लागू कर रहा है।'],['यह नैतिकता का अधिरोपण नहीं है।']
Has Annie ever used her sexuality like that?,One word: Zombies Has Annie ever used her sexuality like that?,3.799999952316284,['एक शब्दः Zombies क्या एनी ने कभी अपनी यौनता का इस तरह इस्तेमाल किया है?'],['क्या एनी ने कभी अपनी यौनता का इस तरह इस्तेमाल किया है?']
PURE COMMUNISM: You have two cows.,LIBERTARIAN/ANARCHO-CAPITALISM: You have two cows.,2.4000000953674316,['Libertarian/ANARCHO-CAPITALISM: आपके पास दो गायें हैं।'],['पीयूर समुदायः आपके पास दो गायें हैं।']
You should put scientists on a pedestal.,Why do people like you put scientist on a pedestal?,3.4000000953674316,['आप जैसे लोग वैज्ञानिकों को क्यों एक मंच पर रखते हैं?'],['आपको वैज्ञानिकों को एक आधार पर रखना चाहिए।']
What are they trying to hide?,I then asked: What are they trying to hide?,3.5999999046325684,"['तब मैंने पूछा, वे क्या छिपाने की कोशिश कर रहे हैं?']",['वे क्या छिपाने की कोशिश कर रहे हैं?']
That would make you partially responsible for their death.,"That would make you a sort of accessory, I think.",3.0,['मुझे लगता है कि यह आपको एक तरह की सहायक बना देगा।'],['इससे आप उनकी मृत्यु के लिए आंशिक रूप से उत्तरदायी होंगे।']
"""Would you like to pay for others health care?""","""Would you like to wear your seatbelt?""",0.0,"['""क्या आप अपनी सीट बेलट पहनना चाहेंगे?""']","['""क्या आप दूसरों के लिए स्वास्थ्य देखभाल का भुगतान करना चाहते हैं?""']"
They are NOT as sovereign as they were before.,to repeat: They are NOT as sovereign as they were before.,4.400000095367432,['दोहराएंः वे पहले की तरह उतने ही प्रभुत्वशाली नहीं हैं।'],['वे पहले के रूप में उतना प्रभुत्वशाली नहीं हैं जितना वे थे।']
I don't see Obama as the lesser of two evils.,I don't see him as evil at all.,2.0,['मैं उसे बिलकुल बुरा नहीं समझता।'],['मैं ओबामा को दो बुराइयों में से कम नहीं देखता।']
Or this one by Jim Croce We are all vessels filled with many wonders.,We are all vessels filled with many wonders.,3.200000047683716,['हम सभी अनेक आश्चर्यों से भरे हुए पात्र हैं।'],['या जिम क्रॉक्स की यह एक हम सभी अनेक आश्चर्यों से भरे बर्तन हैं।']
The point is an unarmed child was murdered.,The point is an unarmed child was murdered who was black.,3.4000000953674316,['बात यह है कि एक बेहतियार बच्चे का हत्या कर दिया गया जो काला था।'],['बात यह है कि एक अस्त्ररहित बच्चे की हत्या की गई थी।']
"Zimmerman replied, ""What are you doing here?""","Martin said, ""Why are you following me?""",0.8999999761581421,"['मार्टिन ने कहा, ""तुम मेरी पैरवी क्यों कर रहे हो?""']","['जिमरमैन ने कहा, ""तुम यहाँ क्या कर रहे हो?""']"
Irreligion that does that I have a problem.,Religion that doesn't do that I don't have a problem with.,1.600000023841858,['धर्म जो ऐसा नहीं करता है कि मेरे साथ कोई समस्या नहीं है।'],['धर्मनिरपेक्षता के कारण मेरे पास एक समस्या है।']
"If I'm angry, it will show up in one of those scans..","If I'm hyper active, it will show up in one of those scans..",3.200000047683716,"['अगर मैं अति सक्रिय हूँ, यह उन स्कैन में से एक में दिखाई देगा..']","['अगर मैं क्रोधित हूँ, तो यह उन स्कैन में से एक में दिखाई देगा..']"
"If you want to buy $ billion in XYZ Inc. common stock, who cares?","If you want to buy a house or a SUV, again, who cares?",1.399999976158142,"['अगर आप एक घर या एक एसयूवी खरीदना चाहते हैं, फिर, कौन परवाह करता है?']","['अगर आप XYZ इन्कर्पोरेटरी के साधारण स्टॉक में एक बिलियन डॉलर खरीदना चाहते हैं, कौन परवाह करता है?']"
billion . Everyone in the world at Mexico's current prosperity level.,"Everyone in the world at the current ""prosperity"" level of Northwest Africa.",1.5333333015441895,"['दुनिया के सभी लोग उत्तर-पश्चिम अफ्रीका के वर्तमान "" समृद्धि"" स्तर पर हैं।']",['अरब. दुनिया में सभी मेक्सिको के वर्तमान समृद्धि स्तर पर.']
If you answer yes to  and no to  you are probably straight.,If you answer no to  but yes to  then you are probably straight.,3.0999999046325684,"[""अगर आप 'नहीं' बल्कि 'हाँ' का उत्तर देते हैं तो आप शायद सीधा हो सकते हैं।""]",['अगर आप हाँ और न जवाब देते हैं तो शायद आप सीधा हैं।']
Sometimes I fantasize about having power.,"Sometimes I, too, fantasise about bending people before my demented will.",4.199999809265137,['कभी-कभी मैं भी अपनी पागल इच्छा से पहले लोगों को झुकाने के बारे में कल्पना करता हूं।'],['कभी-कभी मैं शक्ति के बारे में कल्पना करता हूँ।']
My parents have told me it is bad for you.,My Sheriff has told me its bad for you.,2.799999952316284,['मेरे शेरिफ ने मुझे बताया है कि यह आपके लिए बुरा है।'],['मेरे माता-पिता ने मुझे बताया है कि यह तुम्हारे लिए बुरा है।']
Atlas Shrugged It's also a stellar performer in terms of blithering idiocy.,It's also a stellar performer in terms of blithering idiocy.,3.5999999046325684,['यह विस्मयकारी मूर्खता के संदर्भ में भी एक स्टारर प्रदर्शनकर्ता है।'],['ऍटलास स्ट्रॉग्ड यह एक विस्मयकारी अक्लमन्द भी है।']
How would Martin not know that that was not the case?,How would Martin or anyone else know his intentions based on his actions?,2.4000000953674316,['मार्टिन या कोई अन्य व्यक्ति अपने कार्यों के आधार पर अपने इरादे को कैसे जानता है?'],['कैसे मार्टिन यह नहीं जानता कि ऐसा नहीं था?']
Regulation get the government into everything.,"""Get the government into everything?""",2.4000000953674316,"['""हर चीज़ में सरकार को शामिल करें?""']",['विनियमन सरकार को हर चीज़ में शामिल करता है।']
It's a common sense/deductive reasoning thing.,Hilited your common sense/deductive reasoning thing.,2.5,['आपके सामान्य विवेक/उद्धरणात्मक तर्क की बात को हानि पहुँचा।'],['यह एक सामान्य समझ/उद्धरणात्मक तर्क बात है।']
"Yes, I've assumed that all packaging would be recyclable in my argument.",I've assumed this as well in my argument.,2.799999952316284,['मैं अपने तर्क में भी यह मान लिया है।'],"['हाँ, मैंने यह मान लिया है कि मेरे तर्क में सभी पैकेजिंग रिसाइक्लेबल होगी।']"
Jury nullification does not mean that a law is unconstuitutional.,Jury nullification means a law isn't Constitutional?,3.5999999046325684,['जüry निरस्तीकरण का अर्थ है कि एक कानून संवैधानिक नहीं है?'],['जüry निरस्तीकरण का अर्थ यह नहीं है कि कोई कानून सांविधिक नहीं है।']
It's just a bunch of cells.,"I'm ""a bunch of cells.""",2.200000047683716,"['मैं ""कोशिकाओं का एक समूह"" हूँ।']",['यह सिर्फ कोशिकाओं की एक गुच्छा है।']
Mann's work was all about math.,Mann's work and the HS was all about Tree rings.,1.600000023841858,['मैन का काम और एच. एस. सभी ट्री रिंगों के बारे में था।'],['Mann का काम सिर्फ गणित के बारे में था।']
I'm so sorry to hear this Kelly.,"I'm so sorry, Kelly.",4.0,"['मुझे बहुत अफसोस है, केली.']",['मैं इस केली सुनने के लिए बहुत दुखी हूँ।']
I don't like flavored beers.,I don't like many flavored drinks.,3.0,['मुझे बहुत से स्वादिष्ट पेय नहीं पसंद हैं।'],['मुझे स्वादिष्ट बियर पसंद नहीं है।']
I hope everything is ok!,I hope your LO is ok.,1.600000023841858,['मुझे आशा है कि आपका एलओ ठीक है।'],['मुझे उम्मीद है कि सब ठीक है!']
any woman that wants birth control can get it.,Any woman that wants and abortion can get one.,1.600000023841858,['कोई भी महिला जो गर्भपात चाहता है उसे प्राप्त कर सकती है।'],['कोई भी महिला जो गर्भनिरोध चाहता है उसे प्राप्त कर सकता है।']
S As you wish: Do you see Hitler killing Jews?,Do you see Hitler killing Jews?,4.599999904632568,['क्या तुम देखते हो कि हिटलर यहूदियों को मारता है?'],['जैसा कि आप चाहते हैंः क्या आप देखते हैं कि हिटलर यहूदियों को मार रहा है?']
And I'm your friend Mitt.,Your good friend Mitt.,4.0,['तुम्हारे अच्छे मित्र मिट।'],['और मैं आपका दोस्त मिट हूँ।']
It means its AN option.,Doesnt mean its a BAD option.,1.600000023841858,['इसका मतलब यह एक खराब विकल्प नहीं है।'],['इसका मतलब है इसके एक विकल्प।']
I think you need to reread what I wrote.,You need to reread what I wrote.,5.0,['आपको फिर से पढ़ना होगा जो मैंने लिखा था।'],['मुझे लगता है कि आपको मेरे लेखन को फिर से पढ़ना होगा।']
lets assume we have % white and % black.,Imagine a place that's % white and % black.,3.777777671813965,['एक स्थान की कल्पना करें जो% सफेद और% काला है।'],['हम% सफेद और% काला है मानते हैं।']
"Mom busted in and said, ""What's that noise?""",My kids busted in and said 'whats that Dad?',1.7999999523162842,"[""मेरे बच्चों ने घुसा और कहा, 'ये क्या है पिता?'""]","['माँ ने घुसा और कहा, ""उस शोर क्या है?""']"
"My best, Kutte My ex-fiance wouldn't use the VA or Navy doctor's.",Jay My ex-fiance wouldn't use the VA or Navy doctor's.,3.5999999046325684,['मेरा पूर्व संचायक वा. ए. या नौसेना के डॉक्टर का उपयोग नहीं करेगा.'],"['मेरा सबसे अच्छा, कट्टे मेरा पूर्व प्रेमी वै. ए. या नौसेना के डाक्टर का उपयोग नहीं करेगा।']"
Holder filed a three-page letter.,The Judges orders a three-page letter to be filed.,2.799999952316284,['न्यायाधीशों ने एक तीन पृष्ठ का पत्र दाखिल करने का आदेश दिया।'],['होल्डर ने एक तीन पृष्ठ का पत्र दाखिल किया।']
"@Lustig Andrei, Lustig, agreed.","@Lustig Andrei, Thank you, Lustig.",2.200000047683716,"['@Lustig Andrei, धन्यवाद, लुस्टिग.']","['@Lustig Andrei, Lustig, सहमत।']"
This eclipses the old record of  set in .,This breaks the daily record of  set in .,4.800000190734863,['यह दिन में सेट की रिकॉर्ड तोड़ता है।'],['यह सेट में पुराने रिकार्ड को धुंधलाता है।']
"Zimmerman replied, ""What are you doing here?""","Martin said, ""Why are you following me?""",0.8999999761581421,"['मार्टिन ने कहा, ""तुम मेरी पैरवी क्यों कर रहे हो?""']","['जिमरमैन ने कहा, ""तुम यहाँ क्या कर रहे हो?""']"
"I don't know how legitimate this is, but I heard he's kind of suicidal.","So, I don't know how legitimate this is but yeah.",1.600000023841858,"['तो, मैं नहीं जानता कि यह कितना वैध है लेकिन हाँ।']","['मैं नहीं जानता कि यह कितना वैध है, लेकिन मैंने सुना है कि वह suicidal की तरह है।']"
council tax Hasn't council tax been frozen for most people?,Hasn't council tax been frozen for most people?,4.800000190734863,['क्या अधिकतर लोगों के लिए कौंसिल कर ठुकरा नहीं गया है?'],['कौंसिल कर क्या अधिकतर लोगों के लिए कौंसिल कर congelated नहीं किया गया है?']
Your schtick is getting stale.,Your misogyny is getting messy.,0.4000000059604645,['आपकी भ्रूण-विवाह गडबड हो रही है।'],['आपके स्कीक बूढ़ी जा रही है।']
Is that how it works?,"Nah, that's not how it works.",1.600000023841858,"['नहीं, यह कैसे काम करता है नहीं है।']",['यह कैसे काम करता है?']
"Breathe In, Breathe Out, Move On.","buwhahahaha Breathe In, Breathe Out, Move On.",4.400000095367432,"['बहूहहहहह: Breathe In, Breathe Out, Move On.']","['आना, बाहर आना, आगे बढ़ना।']"
wait until they become more consistent and closer together.,wait for the contractions to get stronger and closer together.,3.799999952316284,['संकुचनों को मजबूत और एक-दूसरे के करीब होने के लिए प्रतीक्षा करें।'],['जब तक वे अधिक सुसंगत और एक-दूसरे के करीब हो रहे हैं।']
Obama is extreme and leftwing.,Obama is part of the extreme leftwing.,4.800000190734863,['ओबामा बहुत वामपंथी हैं।'],['ओबामा अतिवादी और वामपंथी है।']
"@Frank Apisa, What you want to call it is up to you.","@Cyracuz, What you want to call it is up to you.",2.5,"['@सीराकुज, आप इसे क्या कहना चाहते हैं यह आप पर है।']","['@Frank Apisa, क्या आप इसे बुलाना चाहते हैं यह आप पर है.']"
Jury nullification has NOTHING to do with the Constitutionality of laws.,Jury nullification means a law isn't Constitutional?,2.5999999046325684,['जüry निरस्तीकरण का अर्थ है कि एक कानून संवैधानिक नहीं है?'],['न्यायपालिका को निरस्त करने का कानूनों की संवैधानिकता से कोई संबंध नहीं है।']
What conviction where you talking about before?,What conviction would that be?,4.400000095367432,['यह किस तरह का विश्वास है?'],['क्या विश्वास है जिसके बारे में आप पहले बात कर रहे हैं?']
So I actually read the OP and guess what I found out.,Furthermore I found this: So I actually read the OP and guess what I found out.,4.599999904632568,['इसके अलावा मैंने यह पायाः तो मैं वास्तव में ऑप पढ़ा और अनुमान लगा कि मैं क्या पाया।'],['तो मैं वास्तव में ओपी पढ़ा और मुझे क्या पता चला है अनुमान लगा।']
The government does not determine if you are married or not.,The government doesnt have to declare you married before you can be married.,3.5999999046325684,['आपको शादी करने से पहले सरकार को आपको शादी घोषित करने की जरूरत नहीं है।'],['सरकार यह नहीं तय करती कि आप विवाहित हैं या नहीं।']
Democracy is a threat to liberty.,Democracy has nothing to do with liberty.,1.7999999523162842,['लोकतंत्र का स्वतंत्रता से कोई संबंध नहीं है।'],['लोकतंत्र स्वतंत्रता का खतरा है।']
Hi Pro and Corn: How many threads do you plan on making?,How many threads do you plan on making?,4.0,['आप कितने थ्रेड बनाने की योजना कर रहे हैं?'],['à¤\x95à¥\x8dà¤°à¥\x87à¤\x82 à¤\x95à¥\x8dà¤°à¥\x87à¤\x82 à¤\x95à¥\x8dà¤°à¥\x87à¤\x82 à¤\x95à¥\x87à¤\x82 à¤\x95à¥\x8dà¤°à¥\x87à¤\x82']
Tell me exactly which system isn't working right now?,So which system isn't working for us?,4.0,['तो कौन सी प्रणाली हमारे लिए काम नहीं कर रही है?'],['मुझे ठीक से बताओ कि कौन सी प्रणाली अभी काम नहीं कर रही है?']
"Oh, and again asserts that marriage is a fundamental human right.",Particularly after stating that marriage is a fundamental human right.,4.0,['विशेषकर यह कहने के बाद कि विवाह एक मौलिक मानवाधिकार है।'],"['ओह, और फिर यह दावा करता है कि विवाह एक मौलिक मानवीय अधिकार है।']"
Why are Russians in Damascus?,Russians in Damascus!,4.199999809265137,['दमीशक में रूसी!'],['दमीशक में रूसी क्यों हैं?']
"Yes, it's about dilution.","Er, that's not how dilution works.",1.7999999523162842,"['ईर, ऐसा नहीं है कि विलायन काम करता है।']","['हाँ, यह विलायन के बारे में है।']"
"Yeah, I don't think this is that controversial either.",I don't think what she's saying is that controversial.,3.799999952316284,['मुझे नहीं लगता कि वह क्या कह रही है कि विवादास्पद है।'],"['हाँ, मुझे लगता है कि यह भी इतना विवादास्पद नहीं है।']"
Operation Chaos is merely people voting.,Chaos is merely people voting.,4.0,['अव्यवस्था केवल लोगों का मतदान है।'],['आपरेशन Chaos केवल लोगों का मतदान है।']
Originally Posted by JonD Doubtful.,Originally Posted by eleanor.ellis,1.2000000476837158,['मूलतः eleanor.ellis द्वारा प्रकाशित'],['मूलतः JonD Doubtful द्वारा प्रकाशित।']
Classical Gas We are all vessels filled with many wonders.,The theme song to Cheers: We are all vessels filled with many wonders.,3.0,['खुशी के लिए गीतः हम सभी अनेक आश्चर्यों से भरे पात्र हैं।'],['शास्त्रीय गैस हम सभी अनेक आश्चर्यों से भरे जहाज हैं।']
to repeat: They are NOT as sovereign as they were before.,They are NOT as sovereign as they were before.,4.5,['वे पहले के रूप में उतना प्रभुत्वशाली नहीं हैं जितना वे थे।'],['दोहराएंः वे पहले की तरह उतने ही प्रभुत्वशाली नहीं हैं।']
Morals have absolutely nothing to do with it !,and morals and honesty have everything to do with it.,2.0,['और नैतिकता और ईमानदारी के साथ सब कुछ है।'],['इसके साथ नैतिकता का कोई सम्बन्ध नहीं है।']
i be having conversations will cornell west My dear brother.,i be having conversations will cornell west What the hell is this?,3.0,['मैं वार्तालाप करेंगे कोर्नल वेस्ट क्या है?'],['मैं वार्तालाप करेंगे कोर्नल वेस्ट मेरा प्यारा भाई।']
There is no war in the Middle east.,"There is no ""WAR"" in the middle east.",4.599999904632568,"['मध्य पूर्व में कोई ""युद्ध"" नहीं है।']",['मध्य पूर्व में कोई युद्ध नहीं है।']
He had no intention of apprehending him.,- I didnt say he planned on apprehending him.,2.4000000953674316,['- मैंने नहीं कहा था कि वह उसे पकड़ने की योजना बना रहा है।'],['उसे पकड़ने का कोई इरादा नहीं था।']
We are all vessels filled with many wonders.,Put a Little Love in your Heart We are all vessels filled with many wonders.,3.5999999046325684,['हम सभी अनेक चमत्कारों से भरे हुए पात्र हैं।'],['हम सभी अनेक आश्चर्यों से भरे हुए पात्र हैं।']
"You're ""a bunch of cells.""","I'm ""a bunch of cells.""",2.4000000953674316,"['मैं ""कोशिकाओं का एक समूह"" हूँ।']",['आप कोशिकाओं की एक गुच्छा हैं।']
What is a girl douche?,You are a girl douche.,1.399999976158142,['आप एक लड़की छिड़काव हैं।'],['एक लड़की छिद्र क्या है?']
Jury nullification means a law isn't Constitutional?,No. Jury nullification does not mean that a law is unconstuitutional.,2.0,['नहीं. न्यायपालिका के निरस्तीकरण का अर्थ यह नहीं है कि कोई कानून सांविधिक नहीं है.'],['जüry निरस्तीकरण का अर्थ है कि एक कानून संवैधानिक नहीं है?']
It's definitely NOT what it used to be.,voted Voted It's definitely NOT what it used to be.,4.0,['यह निश्चित रूप से वही नहीं है जो यह पहले था.'],['यह निश्चित रूप से वही नहीं है जो यह पहले था.']
The onus is on the manufacturer of a product to convince consumers it is safe.,The manufacturer has to convince the government it's safe.,3.4000000953674316,['निर्माता को सरकार को यह विश्वास दिलाना होगा कि यह सुरक्षित है।'],['उपभोक्ताओं को यह विश्वास दिलाने का दायित्व किसी उत्पाद के निर्माता पर है कि वह सुरक्षित है।']
I think you are missing the point with entrepreneurs.,Again I think you are missing the point on the Twain quote.,0.800000011920929,['एक बार फिर मुझे लगता है कि आप तैवान की उद्धरण की बात नहीं जानते हैं।'],['मुझे लगता है कि आप उद्यमियों के बारे में बात भूल गए हैं।']
"""Cyclopes don't exist"" - fine.","""Goblins don't exist"" - fine.",1.600000023841858,"['""गोब्लीन मौजूद नहीं हैं""-ठीक है।']","['""साइक्लोप नहीं है""-ठीक है।']"
"""In  it was a mental illness, now what are they teaching you?""","He stated that it was a mental illness in , how is that bigotry?",1.600000023841858,"['उन्होंने कहा कि यह एक मानसिक रोग है, कैसे यह कट्टरता है?']","['""यह तो एक मानसिक रोग था, अब वे तुम्हें क्या सिखा रहे है?""']"
Landon And So This is Christmas We are all vessels filled with many wonders.,Play With Fire We are all vessels filled with many wonders.,1.7999999523162842,['हम सभी अनेक चमत्कारों से भरे हुए बर्तन हैं।'],['लैंडन और तो यह क्रिसमस है हम सभी अनेक चमत्कारों से भरे बर्तन हैं।']
Bush gets zero credit for the budget under him.,"And, Obama gets zero credit for the budget under him.",1.7999999523162842,['और ओबामा को उसके तहत बजट के लिए शून्य श्रेय मिलता है।'],['उनके अधीन बजट के लिए बुश को कोई श्रेय नहीं मिलता।']
. Sinful people do not get to heaven.,Or sin is removed upon entry to heaven.,1.7999999523162842,['या स्वर्ग में प्रवेश करने पर गुनाह दूर कर दिया जाता है।'],['गुनाहगार लोग स्वर्ग नहीं पहुँचते।']
How long after the obliteration should the kid return to school?,How long after the obliteration should it no longer bother the kid?,3.0,['विनाश के बाद कितनी देर तक यह बच्चे को परेशान नहीं करना चाहिए?'],['विनाश के बाद बच्चे को स्कूल लौटना चाहिए?']
Holly Holy We are all vessels filled with many wonders.,Say What You Will We are all vessels filled with many wonders.,3.799999952316284,['(ऐ रसूल) तुम कह दो कि हम तो यक़ीनन बहुतेरे मज़बूत चीज़ों के साज़ो सामान हैं'],['हम सभी अनेक चमत्कारों से भरे बर्तन हैं।']
"What was the ""answer"" in Chicago?",What will be the response in California?,1.2000000476837158,['क्या क्या उत्तर कैलिफोर्निया में होगा?'],"['शिकागो में ""answer"" क्या था?']"
The entire thing just makes no sense.,See that makes no sense.,4.199999809265137,['देखो कि कोई मतलब नहीं है।'],['पूरी बात समझ में नहीं आता।']
Who supposedly operated the homicidal gas chambers?,Refresh your memory: Who supposedly operated the homicidal gas chambers?,4.800000190734863,['अपने स्मरण को ताजा करेंः हत्यागत गैस कक्षों का संचालन किसने किया था?'],['हत्याराओं के गैस कक्षों का संचालन किसने किया था?']
"Therefore, the explanation of the existence of the universe is God.","If the universe has an explanation of its existence, that explanation is God.",3.5999999046325684,['यदि ब्रह्मांड के अस्तित्व का कोई स्पष्टीकरण है तो वह स्पष्टीकरण ईश्वर है।'],"['अतएव, ब्रह्मांड के अस्तित्व का स्पष्टीकरण ईश्वर है।']"
Genetic predisposition to cancer resistance is superior genetics.,Genetic predisposition to Alzheimer is inferior genetics.,1.399999976158142,['अल्जाइमर के लिए आनुवंशिक पूर्वाग्रह निम्नतर आनुवंशिकता है।'],['कैंसर प्रतिरोध के लिए आनुवंशिक पूर्वाग्रह उच्च आनुवंशिकता है।']
Do you notice the nonsensical things you are saying?,"And to be fair, do you notice the nonsensical things you are saying?",4.5714287757873535,"['और इन्साफ के लिए, क्या आप उन बेवकूफ बातों को देखते हैं जो आप कह रहे हैं?']",['क्या आप उन बेवकूफ बातों को देखते हैं जो आप कह रहे हैं?']
Use of force in defense of person.-A,Use of force by aggressor.,1.2000000476837158,['आक्रमणकारी द्वारा बल का प्रयोग।'],['व्यक्ति की रक्षा के लिए बल का प्रयोग']
That's what the data available shows.,That's what the historical record shows.,3.5999999046325684,['यह है जो ऐतिहासिक अभिलेख दिखाता है।'],['यह है कि उपलब्ध आंकड़े दिखाते हैं।']
Joy to the World We are all vessels filled with many wonders.,The theme song to Cheers: We are all vessels filled with many wonders.,3.0,['खुशी के लिए गीतः हम सभी अनेक आश्चर्यों से भरे पात्र हैं।'],['हम सभी अनेक चमत्कारों से भरे हुए बर्तन हैं।']
I thought that was mostly just the Dutch.,"In fact, it's just the Dutch.",2.5999999046325684,"['वास्तव में, यह सिर्फ डच है।']",['मैं सोचता था कि ज्यादातर सिर्फ डच लोग थे।']
Ive watched kids play.,I like watching kids play.,2.200000047683716,['मैं बच्चों को खेलने को देखना पसंद करता हूं।'],['मैंने बच्चों को खेलने को देखा है।']
"David @OmSigDAVID, I think Santorum's more likely than Gingrich.","@sozobe, I think Santorum's more likely than Gingrich.",4.800000190734863,"['@sozobe, मैं Santorum की Gingrich से अधिक संभावना है लगता है.']","['डेविड @OmSigDAVID, मुझे लगता है कि Santorum Gingrich से अधिक संभावना है.']"
They're looking at each other!,Why are they looking at each other like that ?!?!,2.799999952316284,['वे एक-दूसरे को इस तरह क्यों देखते हैं?!?!'],['वे एक-दूसरे को देख रहे हैं!']
Are you driving one?,Are you driving a fucking Volt?,2.5999999046325684,['क्या आप एक पागल वोल्ट चला रहे हैं?'],['आप एक ड्राइव कर रहे हैं?']
Religion that does that I have a problem with.,Irreligion that doesn't do that I don't have a problem with.,1.399999976158142,"['अधर्म, जो ऐसा नहीं करता है, जिससे मुझे कोई समस्या नहीं है।']","['धर्म जो ऐसा करता है, मेरे साथ एक समस्या है।']"
I think he'd be better for American business interests overall.,Would he be better for American society?,1.600000023841858,['क्या वह अमेरिकी समाज के लिए बेहतर होगा?'],['मुझे लगता है कि वह समग्र रूप से अमेरिकी व्यापारिक हितों के लिए बेहतर होगा।']
not a constitutional issue.,"again, this is not a constitutional issue.",4.400000095367432,"['फिर से, यह एक संवैधानिक मुद्दा नहीं है।']",['कोई संवैधानिक मुद्दा नहीं है।']
YOU FOOLS..bought the  cover-up..hook..,Hi Eots: YOU FOOLS..bought the  cover-up..hook..,4.199999809265137,['हाय ईट्सः आप सही है..cover-up खरीदा..हॉक..'],['YOU FOOLS.. bought the cover-up..hook..']
"""What does pressing the number one do?""","""Pressing the number one does English.""",1.600000023841858,"['""पेशिंग नंबर एक अंग्रेजी करता है।""']","['""नम्बर एक दबाने से क्या होता है?""']"
What conviction would that be?,What conviction where you talking about before?,4.400000095367432,['क्या विश्वास है जिसके बारे में आप पहले बात कर रहे हैं?'],['यह किस तरह का विश्वास है?']
"Originally Posted by spikdboy Not wishful thinking, rather realistic.","Originally Posted by objectivism Not wishful thinking, rather realistic.",3.799999952316284,"['मूलतः उद्देश्यवाद द्वारा प्रकाशित नहीं wishful thinking, rather realistic।']","['मूलतः spikdboy द्वारा प्रकाशित नहीं wishful thinking, rather realistic।']"
"For the trillionth time, I've never said rehabilitation doesn't work.","The point you quote should say ""I never said rehabilitation could never work.""",3.4000000953674316,"['आप उद्धृत बिंदु ""मैं कभी नहीं कहा है पुनर्वास कभी काम नहीं कर सकता था"" कहनी चाहिए।']",['एक ट्रिलियन बार मैंने कभी नहीं कहा है कि पुनर्वास काम नहीं करता है।']
Charlie Rangel Censured Did anyone see the footage of this?,Did anyone see the footage of this?,3.0,['क्या किसी ने इस के फ़ोटोज़ देखा है?'],['चार्ली रंगेल संसूचित क्या किसी ने इसकी फीटज़ देखी है?']
Red October standing by.,Red Fox standing by.,2.0,['रेड फॉक्स खड़ा है।'],['लाल अक्तूबर है।']
That's just not how legal briefs are written.,That just isn't how legal reasoning works.,3.200000047683716,['केवल यह नहीं है कि विधिक तर्क कैसे काम करता है।'],['केवल यह नहीं है कि कैसे कानूनी पत्र लिखे जाते हैं।']
"No, none of those factors account for the recent warming.","You don't know if those factors account for the warming, or not.",3.0,['आप नहीं जानते कि क्या उन कारकों के कारण वाष्पीकरण है या नहीं।'],"['नहीं, इन कारकों में से कोई भी हाल के तापमान में वृद्धि का कारण नहीं है।']"
Stone notified Captain Lord.,He too notified Captain Lord.,3.4000000953674316,['उसने भी कैप्टन लॉर्ड को सूचित किया।'],['स्टोन ने कैप्टन लॉर्ड को सूचित किया।']
"The primary focus of Systematic Dialectics is syn chronic, not dia chronic.","Thus, Meta - System - atic Dialectic is Diachronico - Synchronic Dialectic.",2.200000047683716,"['इस प्रकार, मेटा-सिस्टम-अटिक डायलेक्टिक डायक्रोनिक-साइनक्रोनिक डायलेक्टिक है।']",['प्रणालीगत डायलेक्टिक्स का प्रमुख उद्देश्य डायक्रोनिक नहीं बल्कि सिंक्रोनिक है।']
Are you driving one?,Are you driving a fucking Volt?,2.5999999046325684,['क्या आप एक पागल वोल्ट चला रहे हैं?'],['आप एक ड्राइव कर रहे हैं?']
And that is happening in GOP controlled states.,Michigan IS a GOP controlled state.,0.800000011920929,['मिशिगन जीओपी नियंत्रण वाला राज्य है।'],['और यह जीओपी नियंत्रण वाले राज्यों में हो रहा है।']
in  Foxe basin was frozen.,Foxe was mostly frozen.,4.199999809265137,['फॉक्स ज्यादातर जमे हुए थे।'],['फॉक्स बेसिन में जम गया था।']
"@Frank Apisa, Frank, I observe and perceive.","@cicerone imposter, Frank, I observe and perceive.",4.199999809265137,"['@सिcerone imposter, फ्रैंक, मैं देखता हूँ और अनुभव करता हूँ।']","['@Frank Apisa, Frank, मैं देखता हूँ और अनुभव करता हूँ।']"
"Government deciding what pregnancies need to be carried to term, that's fine.","Government spying on its own citizens, that's fine.",1.2000000476837158,"['सरकार अपने नागरिकों पर تجسس करती है, यह ठीक है।']","['सरकार जो निर्णय करती है कि कौन सी गर्भावस्थाओं को पूरा करने की जरूरत है, यह ठीक है।']"
Put a Little Love in your Heart We are all vessels filled with many wonders.,Landon And So This is Christmas We are all vessels filled with many wonders.,2.799999952316284,['लैंडन और तो यह क्रिसमस है हम सभी अनेक चमत्कारों से भरे बर्तन हैं।'],['हम सभी अनेक चमत्कारों से भरे हुए पात्र हैं।']
Higher than  per cent but not very high.,Lower than  per cent but not very low.,1.0,['प्रतिशत से कम लेकिन बहुत कम नहीं।'],['प्रतिशत से अधिक लेकिन बहुत अधिक नहीं।']
What isn't how what was sold?,"It's not how it was sold, gb.",1.600000023841858,"['यह कैसे यह विक्रय किया गया, gb नहीं है।']",['क्या ऐसा नहीं है जो बेचा गया था?']
God definately does not exist.,God probably does not exist.,2.5999999046325684,['ईश्वर शायद अस्तित्व में नहीं है।'],['निस्संदेह ईश्वर नहीं है।']
"Breathe In, Breathe Out, Move On.","buwhahahaha Breathe In, Breathe Out, Move On.",4.400000095367432,"['बहूहहहहह: Breathe In, Breathe Out, Move On.']","['आना, बाहर आना, आगे बढ़ना।']"
It is an excellent indicator of climate change.,I think we all agree on the nature of the change.,2.0,['मुझे लगता है कि हम सब परिवर्तन की प्रकृति पर सहमत हैं।'],['यह जलवायु परिवर्तन का एक उत्कृष्ट सूचक है।']
The great thing about living here is there's space.,The bad thing is there's space.,1.7999999523162842,['बुरी बात यह है कि वहाँ जगह है।'],['यहाँ रहने के बारे में एक बड़ी बात यह है कि वहाँ जगह है।']
"Ah ha, ha, ha, ha, ha!","Ha, ha, ha, ha, ha, ha!",4.5,"['हा, हा, हा, हा, हा!']","['है, है, है, है, है!']"
I don't understand how freedom of speech will be prohibited.,Your freedom of speech will be no more prohibited than it is today.,3.799999952316284,['आज की तरह आपकी बात की आज की तरह आज की बात की आज की तरह आज की बात की आज की तरह आज की बात की आज की तरह आज की बात की आज की तरह आज की बात की आज की तरह आज की बात की आज की तरह आज की बात की आज की तरह आज की बात की आज की तरह आज की बात की आज की तरह आज की बात की आज की तरह आज की बात की आज की तरह आज की बात की आज की तरह आज की बात की आज की तरह आज की बात की आज की तरह आज की बात की आज की तरह आज की बात की आज की तरह आज की बात की आज की तरह आज की बात की आज की तरह आज की बात की आज की तरह आज की आज की बात की आज की तरह आज की आज की बात की आज की तरह आज की आज की बात की आज की तरह आज की आज की बात की आज की तरह आज की आज की बात की आज की आज की तरह आज की आज की बात की आज की'],['मैं नहीं समझता कि कैसे अभिव्यक्ति की स्वतंत्रता की मनाही की जाएगी।']
The question needs to be asked.,It is a question that needs to be answered.,3.200000047683716,['यह एक प्रश्न है जिसका उत्तर दिया जाना है।'],['सवाल पूछना होगा।']
You purport to value life very heavily.,I purport to value human life very highly.,2.799999952316284,['मैं मानव जीवन को अत्यंत मूल्यवान मानता हूं।'],['आप जीवन को बहुत अधिक महत्व देते हैं।']
The Infestation posts.,The mosquitoes posts.,1.7999999523162842,['मच्छर की पोस्ट्स।'],['प्रक्रमण पोस.']
i don't want a president who 'cares'.,don't want a president that is compassionate.,4.599999904632568,['एक सहानुभूतिपूर्ण राष्ट्रपति नहीं चाहते।'],"[""मैं एक राष्ट्रपति को नहीं चाहता जो 'कौश रखता है'।""]"
do you have anything to make it less compelling or not?,Do you have anything to make it more compelling?,2.4000000953674316,['क्या आपके पास उसे अधिक आकर्षक बनाने के लिए कुछ है?'],['क्या आपके पास कुछ है कि इसे कम बाध्य करने के लिए या नहीं?']
"For the trillionth time, I've never said rehabilitation doesn't work.","The point you quote should say ""I never said rehabilitation could never work.""",3.4000000953674316,"['आप उद्धृत बिंदु ""मैं कभी नहीं कहा है पुनर्वास कभी काम नहीं कर सकता था"" कहनी चाहिए।']",['एक ट्रिलियन बार मैंने कभी नहीं कहा है कि पुनर्वास काम नहीं करता है।']
Classical Gas We are all vessels filled with many wonders.,Time of the Season by the Zombies We are all vessels filled with many wonders.,2.4000000953674316,['हम सभी अनेक आश्चर्यों से भरे जहाज हैं।'],['शास्त्रीय गैस हम सभी अनेक आश्चर्यों से भरे जहाज हैं।']
peeve So we agree that it came down essentially in freefall?,Do we agree that they came down essentially in freefall?,4.0,['क्या हम इस बात से सहमत हैं कि वे अनिवार्य रूप से मुक्त आरोह में नीचे आ गए हैं?'],['पेव तो हम सहमत हैं कि यह अनिवार्य रूप से freefall में नीचे आया है?']
Pro-life people do not want a woman to be able to choose abortion for herself.,Pro-choice people do not try to force an abortion on anyone.,1.0,['पक्षपातवादी लोग किसी पर गर्भपात करने का दबाव नहीं डालते।'],['जीवन समर्थक लोग नहीं चाहते कि कोई महिला स्वयं गर्भपात का चुनाव कर सके।']
So answer the question.,Stop avoiding the question.,3.4000000953674316,['प्रश्न से बचना बंद करें।'],['तो सवाल का जवाब दें।']
Haiti is a shithole.,Haiti has been a shithole.,4.199999809265137,['हाइटी एक गंदगी है।'],['हाइटी एक गंदगी है।']
I absolutely do believe there was an iceberg in those waters.,I don't believe there was any iceberg at all anywhere near the Titanic.,1.2000000476837158,['मैं ऐसा नहीं मानता कि टाइटैनिक के निकट कोई बर्फ-पर्वत था।'],['मैं निश्चित रूप से विश्वास करता हूं कि उन जलों में एक बर्फberg थी।']
The Face Of The Franchise: The worst part is that he's not even a Leafs fan!,The worst part is that he's not even a Leafs fan!,4.400000095367432,['सबसे बुरी बात यह है कि वह लेफ्स का भी समर्थक नहीं है!'],['द फेस ऑफ द फ्रैंकीज़ः सबसे बुरी बात यह है कि वह लेफ्सfan भी नहीं है!']
I agree completely I am hoping he is into a second term of office.,I am hoping he is into a second term of office.,4.0,['मैं आशा करता हूं कि वह दूसरा कार्यकाल कर सकेगा।'],['मैं पूरी तरह सहमत हूं कि मैं आशा करता हूं कि वह दूसरा कार्यकाल कर सकेगा।']
Jake with the assist.,Voracek with the goal.,0.4000000059604645,['वोराटेक लक्ष्य के साथ।'],['जेक सहायक के साथ।']
Is it possible his home was affected and the school was not?,"Sure, it is possible his home was affected, but not the school.",3.200000047683716,"['हो सकता है कि उनके घर पर असर पड़ा हो, लेकिन स्कूल पर नहीं।']",['क्या यह संभव है कि उसका घर प्रभावित हुआ और स्कूल नहीं?']
The people had awakened.,Because the people had awakened.,4.199999809265137,['क्योंकि लोग जाग गए थे।'],['लोग जाग गये थे।']
Umm the California was a cargo ship I dont care what the article says.,The California was a cargo ship.,4.0,['कैलिफोर्निया एक माल जहाज था।'],['क्यालीफोर्निया एक कार्गो जहाज था मैं क्या लेख कहता है पर ध्यान नहीं देता।']
"Umm, that pretty clearly states, ""the statute is presumed constitutional.""","And until they decide that, ""the statute is presumed constitutional.""",2.5999999046325684,"['और जब तक वे यह फैसला नहीं कर लेते, ""विधा संवैधानिक माना जाता है.""']","['हं, यह काफी स्पष्ट रूप से कहता है, ""विधि संवैधानिक माना जाता है.""']"
Florida The ignorance is yours!,The ignorance is yours!,3.4000000953674316,['अज्ञान तो तुम्हारे है!'],['फ्लोरिडा अज्ञान आपका है!']
I'm going to shout for justice for Trayvon.,The people shouting for justice for Trayvon are all hypocrites.,1.600000023841858,['ट्रेवॉन के लिए न्याय के लिए चिल्ला रहे लोग सभी कपटाचार हैं।'],['मैं ट्रेवॉन के लिए न्याय के लिए चिल्लाने जा रहा हूँ।']
How do you know what's right and wrong?,How do you know which story is the right one?,2.200000047683716,['आप कैसे जानते हैं कि कौन सी कहानी सही है?'],['आप कैसे जानते हैं कि क्या सही और गलत है?']
"Ha, ha, ha, ha, ha, ha!","Ah ha, ha, ha, ha, ha!",5.0,"['है, है, है, है, है!']","['हा, हा, हा, हा, हा!']"
And Nugent was a complete fool to say what he said.,Natalie was a complete fool to have insulted their fan base.,0.6000000238418579,['नाटली उनके समर्थकों को अपमानित करने के लिए एक पूरी मूर्ख थी।'],['और नजेंट जो कुछ कह रहा था वह कहने में पूरी तरह मूर्ख था।']
It is all Bush's fault.,Obama is Bush's fault.,1.2000000476837158,['ओबामा बुश का दोष है।'],['यह सब बुश का दोष है।']
You should stop prefixing or suffixing everything with you hate Jews.,"I don't prefix or suffix everything with ""you hate Jews.""",2.4000000953674316,"['मैं सब कुछ ""तुम यहूदियों से घृणा करते हो"" के साथ उपसर्ग या प्रत्यय नहीं करता।']",['तुम्हें यहूदियों को घृणा करने के साथ हर चीज़ का उपसर्ग या उपसर्ग करने को बंद करना चाहिए।']
I missed the point where he said that black people were going to riot.,"Never, did I ever, did I say blacks were going to riot.",2.4000000953674316,['मैंने कभी नहीं कहा था कि काले लोग दंगे करने जा रहे हैं।'],['मैं उस बिंदु को भूल गया था जहां उन्होंने कहा था कि काले लोग दंगे करने जा रहे हैं।']
Yet you didn't have to declare it.,And you didn't have to.,2.0,['और आप करने के लिए नहीं था।'],['फिर भी आपको इसे घोषित करने की जरूरत नहीं थी।']
Proverbs  John the Baptist was a Nazarite from birth.,John the Baptist was a Nazarite from birth.,4.599999904632568,['यूहन्ना बप्तिस्मा में जन्म से नासरित थे।'],['कहानियों में कहा जाता है कि यूहन्ना बप्तिस्मा का जन्म से नासरित था।']
James : says faith without works is dead.,Paul did not preach faith without works.,2.200000047683716,['पॉल ने बिना कर्म के विश्वास का प्रचार नहीं किया।'],['जेम्सः कहा जाता है कि कर्मों के बिना विश्वास मर जाता है।']
billion . Everyone in the world at Mexico's current prosperity level.,"Everyone in the world at the current ""prosperity"" level of Northwest Africa.",1.5333333015441895,"['दुनिया के सभी लोग उत्तर-पश्चिम अफ्रीका के वर्तमान "" समृद्धि"" स्तर पर हैं।']",['अरब. दुनिया में सभी मेक्सिको के वर्तमान समृद्धि स्तर पर.']
and videos Seismic data does not equal duration of collapse.,Seismic data does not equal duration of collapse.,4.599999904632568,['भूकंपीय आंकड़े गिरने की अवधि के बराबर नहीं है।'],['और वीडियो भूकंपीय आंकड़े गिरने की अवधि के बराबर नहीं है।']
Originally Posted by Lone Fox You've said that multiple times now.,Originally Posted by Lone Fox And it's not all Iranian related either.,2.200000047683716,['मूलतः लॉन फॉक्स द्वारा प्रकाशित और यह सभी ईरानी से भी संबंधित नहीं है।'],['मूलतः लॉन फ़ॉक्स द्वारा प्रकाशित आपने यह बात कई बार कहा है।']
"You might not like Obamas views, but he has them.","You might not like the positions he holds, but atleast he has them.",2.5999999046325684,"['आप उनके पदों को पसंद नहीं करेंगे, पर कम-से-कम उनके पास हैं।']","['आप ओबामा के विचारों को पसंद नहीं करेंगे, लेकिन उनके पास वे हैं।']"
But do you actually believe there was an iceberg in those waters?,I absolutely do believe there was an iceberg in those waters.,3.0,['मैं निश्चित रूप से विश्वास करता हूं कि उन जलों में एक बर्फberg थी।'],['लेकिन क्या आप वास्तव में विश्वास करते हैं कि उन जलों में एक आइसबर्ग था?']
There is simply no winning for Obama among conservatives.,This is rich coming from a conservative.,1.399999976158142,['यह धनवान है एक परम्परावादी से आता है।'],['परम्परावादियों में ओबामा के लिए कोई विजय नहीं है।']
Satan represents indulgence instead of abstinence!,. Satan represents vengeance instead of turning the other cheek!,1.600000023841858,['शैतान दूसरे चेहरों को फेरने के बजाय बदले का प्रतिनिधित्व करता है!'],['शैतान विरक्तता के बजाय indulgence का प्रतिनिधित्व करता है!']
Just so long as the tax on that sale is paid.,Just so long as the tax is paid.,3.799999952316284,['जब तक कर दिया जाता है।'],['जब तक कि उस बिक्री पर कर का भुगतान किया जाता है।']
fix?: Islam itself is not political.,Islam has always been political.,1.2000000476837158,['इस्लाम हमेशा राजनीतिक रहा है।'],['ठीक?: इस्लाम स्वयं राजनीतिक नहीं है।']
March  is also the date for the uprising in CHINA.,Originally posted by Vitchilo March  is also the date for the uprising in CHINA.,4.0,['विट्चिलो द्वारा मूलतः प्रकाशित मार्च चीन में विद्रोह का दिन भी है।'],['मार्च भी चीन में विद्रोह का दिन है।']
I hope everything is OK!,I hope everything is okay.,5.0,['मुझे उम्मीद है कि सब कुछ ठीक है।'],['मैं आशा करता हूं कि सब ठीक है!']
Do you understand why it's absurd to limit the question to US residents?,Do you understand why non-US residents are also relevant to the statistics?,3.200000047683716,['क्या आप समझते हैं कि गैर अमरीकी निवासी भी सांख्यिकी के लिए प्रासंगिक क्यों हैं?'],['क्या आप समझते हैं कि इस प्रश्न को अमरीकी निवासियों तक सीमित करना बेवकूफ क्यों है?']
I have seen UFO over Warsaw in the past.,"Respectfully submitted, Steve I have seen UFO over Warsaw in the past.",4.0,"['सम्मानपूर्वक प्रस्तुत, स्टीव मैंने भूतकाल में वारसा के ऊपर UFO देखा है।']",['मैंने भूतकाल में वारसा के ऊपर UFO देखा है।']
depending on which action furthers their loony-tunes agenda of the moment.,depending on which action furthers their lonny-tunes agenda.,4.599999904632568,['इस पर निर्भर करता है कि कौन-सा कार्य उनके भाग्यशाली कार्यसूची को आगे बढ़ाता है।'],['इस पर निर्भर करता है कि कौन-सी कार्रवाई उनके वर्तमान स्वेच्छापूर्ण कार्यसूची को आगे बढ़ाती है।']
Do you further agree that I have made no claim?,So that you will admit and verify that I have made no claim.,3.799999952316284,['ताकि तुम स्वीकार कर दो और सत्यापित कर दो कि मैंने कोई दावा नहीं किया है।'],['क्या आप यह भी मानते हैं कि मैंने कोई दावा नहीं किया है?']
Zimmerman says that he was sucker punched by his car.,"His ""friends"" say that he was confronted by his car.",2.4000000953674316,"['उनके ""साथी"" कहते हैं कि वह अपने कार से सामना कर रहा था।']",['Zimmerman का कहना है कि वह अपने कार के द्वारा बुरी तरह से पिटला गया था.']
"There is no ""WAR"" in the middle east.",There is no war in the Middle east.,4.599999904632568,['मध्य पूर्व में कोई युद्ध नहीं है।'],"['मध्य पूर्व में कोई ""युद्ध"" नहीं है।']"
Part of pro-life is the opposition to legalized abortion.,"Pro-life also refers to just ""opposition to abortion"".",3.799999952316284,"['जीवन के पक्ष में भी केवल ""उच्छेदन के प्रति विरोध"" का उल्लेख किया जाता है।']",['जीवन के पक्ष में कानूनी गर्भपात का विरोध है।']
"Capital gains, top rate:  percent.","- Income, top rate:  percent.",2.799999952316284,"['- आय, उच्चतम दर: प्रतिशत।']","['पूंजी अभिलाभ, उच्च दर: प्रतिशत']"
Time of the Season by the Zombies We are all vessels filled with many wonders.,The theme song to Cheers: We are all vessels filled with many wonders.,2.799999952316284,['खुशी के लिए गीतः हम सभी अनेक आश्चर्यों से भरे पात्र हैं।'],['हम सभी अनेक आश्चर्यों से भरे जहाज हैं।']
"No, I show you are willfully ignorant.","LOL, you are so ignorant.",4.0,"['LOL, तुम इतनी अज्ञानी हो।']","['नहीं, मैं तुम्हें दिखाता हूँ कि तुम जानबूझकर अज्ञानी हो']"
We are all vessels filled with many wonders.,Jingle Bell Rock by Bobby Helm We are all vessels filled with many wonders.,3.0,['हम सभी अनेक आश्चर्यों से भरे जहाज हैं।'],['हम सभी अनेक आश्चर्यों से भरे हुए पात्र हैं।']
the problem isn't who has money.,the problem is who doesn't have money.,2.4666666984558105,['समस्या यह है कि जिसके पास पैसे नहीं हैं।'],['समस्या यह नहीं है कि जिसके पास पैसे हैं।']
Sadly Ford did accept taxpayer money.,Ford didn't accept taxpayer money to save the company.,2.799999952316284,['फोर्ड ने कंपनी को बचाने के लिए करदाताओं का पैसा स्वीकार नहीं किया।'],['दुर्भाग्यवश फोर्ड ने करदाताओं के धन को स्वीकार किया।']
The Muslims would say the same thing about the Qur'an.,The Hindus would say the same thing about the Bhagavad Ghita.,1.0,['हिन्दू भी भगवद्गीता के बारे में यही कहते हैं।'],['मुसलमानों ने कुरान के बारे में भी यही कहा होगा।']
